sample,k13_622I,crt_326S,mdr1_184F,mdr1_N86,mdr1_D1246
1063A,0,1,1,1,1
1089A,0,1,1,1,1
1121A,0,1,1,1,1
1127A,0,1,1,1,1
1130A,0,1,1,1,1
1334A,0,1,1,1,1
1401A,0,1,1,1,1
2104A,0,1,1,1,1
2110A,0,1,1,1,1
2445A,0,1,1,1,1
1833A,0,1,1,1,1
1860A,1,1,1,1,1
2080-A,0,1,1,1,1
1076-A,0,1,1,1,1
1927-A,0,1,1,1,1
1081A,0,1,1,1,1
1118A,0,1,1,1,1
1120A,0,1,1,1,1
1125A,0,1,1,1,1
1067A,0,1,1,1,1
1390A,0,1,1,1,1
1077A,0,0,1,1,1
1082A,0,1,1,1,1
1085A,1,1,1,1,1
1097A,0,1,1,1,1
1100A,0,1,1,1,1
1337A,0,1,1,1,1
1351A,0,1,1,1,1
4373A,0,1,1,1,1
1941A,0,1,1,1,1
2097A,0,1,1,1,1
2483A,0,1,1,1,1
1864DA,0,1,1,1,1
1831A,0,1,1,1,1
1696A,0,1,1,1,1
1723A,0,1,1,1,1
1768A,0,1,1,1,1
1769A,0,1,1,1,1
1770A,0,1,1,1,1
1788A,0,1,1,1,1
1790A,0,1,1,1,1
1849A,0,1,1,1,1
1852A,0,1,1,1,1
1909DA,1,1,1,1,1
1913A,0,1,1,1,1
1920A,0,1,1,1,1
1922A,0,1,1,1,1
1961A,0,1,1,1,1
2000A,0,1,1,1,1
2613A,0,1,1,1,1
2642A,0,1,1,1,1
2291A,0,1,1,1,1
2487A,0,1,1,1,1
E18-1368G,0,1,1,1,1
E18-1371DG,0,1,1,1,1
1428A,0,1,1,1,1
E18-1364G,0,1,1,1,1
3451T,0,1,1,1,1
E18-1372G,0,1,1,1,1
E18-1372G,0,1,1,1,1
1927A,0,1,1,1,1
2175-A,0,1,1,1,1
4626T,0,1,1,1,1
3392T,0,1,1,1,1
3127T,0,1,1,1,1
3187A,0,1,1,1,1
3316T,0,1,1,1,1
3397T,0,1,1,1,1
3818T,1,1,1,1,1
5604A,0,1,1,1,1
4626T,0,1,1,1,1
4641-A,0,1,1,1,1
4628T,0,1,1,1,1
4861A,0,1,1,1,1
3188T,0,1,1,1,1
4247A,0,1,1,1,1
4248A,0,1,1,1,1
4465T,0,1,1,1,1
5085T,0,0,1,1,1
5921T,0,0,1,1,1
5584T,0,1,1,1,1
5872T,1,1,0,1,1
1862A,0,1,1,1,1
1129A,0,1,1,1,1
1395A,0,1,1,1,1
2024A,0,1,1,1,1
2035A,0,1,1,1,1
1336A,0,1,1,1,1
1826A,0,1,1,1,1
1845A,0,1,1,1,1
2620A,0,1,1,1,1
2080A,0,1,1,1,1
4631-T,0,1,1,1,1
1405A,0,1,1,1,1
1090A,0,1,1,1,1
1140A,0,1,1,1,1
1394A,0,1,1,1,1
1412A,0,1,1,1,1
1416A,0,1,1,1,1
1419A,0,1,1,1,1
1424A,0,1,1,1,1
1064A,0,1,1,1,1
1071A,0,1,1,1,1
1073A,0,1,1,1,1
1074A,0,0,1,1,1
1083A,0,1,1,1,1
1086A,0,1,1,1,1
1088A,0,1,1,1,1
1096A,0,1,1,1,1
1102A,0,1,1,1,1
1114DA,0,0,1,1,1
1116A,0,1,1,1,1
1122A,0,1,1,1,1
1124A,0,1,1,1,1
1139A,0,1,1,1,1
1141A,0,1,1,1,1
1142A,0,1,1,1,1
1145A,0,1,1,1,1
1333A,0,1,1,1,1
1338A,0,1,1,1,1
1346A,0,1,1,1,1
1356A,0,1,1,1,1
1359A,0,1,1,1,1
1400A,0,1,1,1,1
1065A,0,1,1,1,1
1066A,0,1,1,1,1
1068A,0,1,1,1,1
1072A,0,1,1,1,1
1075A,0,1,1,1,1
1078A,0,1,1,1,1
1087A,0,1,1,1,1
1091A,0,1,1,1,1
1092A,0,1,1,1,1
1107A,0,0,1,1,1
1109A,0,1,1,1,1
1128A,0,0,1,1,1
1133A,1,1,1,1,1
1134A,0,1,1,1,1
1136A,1,1,1,1,1
1144A,1,1,1,1,1
1290A,0,1,1,1,1
1313A,0,1,1,1,1
1315A,0,1,1,1,1
1320A,0,1,1,1,1
1321A,0,1,1,1,1
1325A,0,1,1,1,1
1330A,0,1,1,1,1
1331DA,0,1,1,1,1
1332A,1,1,1,1,1
1341A,1,1,1,1,1
1352A,1,1,1,1,1
1354A,1,1,1,1,1
1355A,0,1,1,1,1
1397A,0,1,1,1,1
1407A,0,0,1,1,1
1787A,0,0,1,1,1
2117A,0,1,1,1,1
2124A,0,1,1,1,1
2206A,0,1,1,1,1
2859A,0,1,1,0,1
2994A,0,1,1,1,1
3388-A,0,1,1,1,1
3810-A,0,1,1,1,1
2125A,0,1,1,1,1
2139A,0,1,1,1,1
2240A,0,1,1,1,1
2242A,0,1,1,1,1
2360A,1,1,1,1,1
2704A,1,1,1,1,1
2727A,0,1,1,1,1
2850A,0,1,1,1,1
2941A,0,1,1,1,1
1314A,0,1,1,1,1
1970A,0,1,1,1,1
2243-A,1,1,1,1,1
2444A,0,1,1,1,1
2940A,0,1,1,1,1
1834A,1,1,1,1,1
1836DA,1,1,1,1,1
1839A,1,1,1,1,1
1722A,0,1,1,1,1
1761A,0,1,1,1,1
1792A,0,1,1,1,1
1695A,0,1,1,1,1
1720A,0,1,1,1,1
1784A,1,1,1,1,1
1793A,0,1,1,1,1
1827A,1,1,1,1,1
1828A,0,1,1,1,1
1847A,1,1,1,1,1
1919A,0,1,1,1,1
1921A,0,1,1,1,1
1959A,1,1,1,1,1
1974A,0,1,1,1,1
1694A,0,1,1,1,1
1829A,0,1,1,1,1
1830A,0,1,1,1,1
1832A,0,1,1,1,1
1917A,1,1,1,1,1
1918A,1,1,1,1,1
1928A,0,1,1,1,1
2648A,0,1,1,1,1
2695A,0,1,1,1,1
2697A,0,1,1,1,1
2285A,1,1,1,1,1
2625A,0,1,1,1,1
2656A,0,1,1,1,1
2722A,0,1,1,1,1
2953A,1,1,1,1,1
2956DA,0,1,1,1,1
2960A,0,1,1,1,1
2573A,0,1,1,1,1
2576A,0,1,1,0,1
2591A,0,1,1,1,1
2600DA,1,1,1,1,1
2601A,0,1,1,1,1
2623A,0,1,1,1,1
2645A,0,1,1,1,1
2649A,1,1,1,1,1
2652A,0,1,1,1,1
2659A,0,1,1,1,1
2681A,0,1,1,1,1
2682A,0,1,1,1,1
2688A,1,1,1,1,1
2689A,0,1,1,1,1
2716A,0,1,1,1,1
2718A,0,1,1,1,1
2723A,0,1,1,1,1
2732A,0,1,1,1,1
2734A,0,1,1,1,1
2767A,0,1,1,1,1
2858A,0,1,1,0,1
2874A,0,1,1,1,1
2877A,0,1,1,1,1
2879A,1,1,1,1,1
2945A,0,1,1,1,1
2563A,0,1,1,1,1
2586A,0,1,1,1,1
2617A,0,1,1,1,1
2663A,0,1,1,1,1
2684A,0,1,1,1,1
2687A,0,1,1,1,1
2692A,0,0,1,1,1
2707A,0,1,1,1,1
2711A,1,1,1,1,1
2765A,0,1,1,1,1
2766A,0,1,1,1,1
2862A,0,1,1,1,1
2875A,0,1,1,1,1
2931A,0,1,1,0,1
2934A,1,1,1,1,1
2936A,0,1,1,1,1
2958A,0,1,1,1,1
2962A,0,1,1,0,1
2461A,0,1,1,1,1
2105-A,0,1,1,1,1
2137DA,1,1,1,1,1
2174A,0,1,1,1,1
2177A,0,1,1,1,1
2213A,0,1,1,1,1
2270A,0,0,1,0,1
2272A,0,0,0,1,1
2276A,0,1,1,1,1
2279DA,0,0,1,1,1
2286A,0,1,1,1,1
2287A,0,1,0,1,1
2293-A,1,0,1,1,1
2296-DA,0,0,0,1,1
2298A,1,1,1,1,1
2300-DA,0,0,1,1,1
2424-A,0,1,1,1,1
2426-A,0,0,1,1,1
2430A,0,0,1,1,1
2435A,0,0,1,1,1
2442-DA,0,1,1,1,1
2451-A,0,1,1,1,1
2452-A,0,1,1,1,1
2453-A,0,0,0,1,1
2456-A,0,0,0,1,1
2463-A,0,1,1,1,1
2077A,0,0,1,1,1
2288A,0,1,1,1,1
2497A,0,1,1,1,1
2108A,0,1,1,1,1
2251A,0,1,1,1,1
2280-A,0,1,1,1,1
2294-A,0,1,1,1,1
2415-A,0,1,1,1,1
2438A,0,1,1,1,1
2446A,0,1,1,1,1
2460A,0,1,1,1,1
2493A,0,1,1,1,1
2027A,1,1,1,1,1
2281A,0,0,0,1,1
2284A,0,1,1,1,1
2432A,0,1,1,1,1
2433A,0,0,1,1,1
2440A,0,0,0,1,1
2481A,0,1,1,1,1
1213A,0,1,1,1,1
2564A,0,1,1,1,1
2565-A,0,1,1,1,1
2631-A,1,1,1,1,1
1361A,0,1,1,1,1
1426A,0,1,1,1,1
E18-1432G,0,1,1,1,1
2484A,0,1,1,1,1
1292A,1,1,1,1,1
1295A,0,1,1,1,1
1309A,0,1,1,1,1
1406A,0,1,1,1,1
3448T,1,1,1,1,1
1311A,0,0,0,1,1
1363A,0,1,1,1,1
1393A,0,0,0,1,1
2450A,0,1,1,1,1
1358A,0,1,1,1,1
2594A,0,0,1,1,1
2507A,0,1,1,1,1
3103T,0,0,1,1,1
3196T,0,0,0,1,1
1362A,0,0,0,1,1
3385T,0,1,1,1,1
1076A,0,0,0,1,1
1317-A,0,0,1,1,1
1317A,0,1,1,0,1
1405-A,0,0,0,1,1
1856A,0,0,1,1,1
1977A,0,0,1,1,1
1977A,0,0,1,1,1
2178-A,0,0,1,1,1
2178A,0,0,1,1,1
2280A,0,0,1,1,1
2437A,0,1,1,1,1
2648A,0,0,1,1,1
2695A,0,0,1,1,1
3399T,0,0,1,1,1
5313T,0,1,1,1,1
5311T,0,1,1,1,1
5431T,0,1,1,1,1
3399T,0,1,1,1,1
3101-DT,0,0,0,1,1
3111-DT,0,0,1,1,1
3113-DT,0,1,1,1,1
3182-T,0,0,1,1,1
3193-A,0,0,1,1,1
3318-DT,0,1,1,1,1
3319T,0,0,1,1,1
3125T,0,1,1,1,1
3186T,0,0,1,1,1
3105-DT,0,0,1,1,1
3194-DT,0,1,1,1,1
3391-DT,0,0,1,1,1
3436T,0,0,1,1,1
3128T,0,0,1,1,1
3131T,0,1,1,1,1
3132T,0,1,0,1,1
3133T,0,1,1,1,1
3189T,0,1,1,1,1
3933DT,1,1,1,1,1
3934A,1,1,1,1,1
3772T,1,1,1,1,1
5594T,0,1,1,1,1
5596A,0,1,1,1,1
5600T,1,1,1,1,1
3932T,0,1,1,1,1
4548-DT,0,1,1,1,1
4610-T,0,1,1,1,1
4634-A,1,1,1,1,1
4637-DT,1,1,1,1,1
4638-DT,1,1,1,1,1
4642-DT,1,1,1,1,1
4705T,1,1,1,1,1
4898DT,1,1,1,1,1
3803-A,0,0,1,1,1
4640T,0,1,1,1,1
3789A,1,1,1,1,1
3806T,1,1,1,1,1
4604T,0,1,1,1,1
4825T,0,1,1,1,1
4900T,0,1,1,1,1
4462T,0,1,1,1,1
5492T,0,1,1,1,1
4375T,0,1,1,1,1
4441DT,0,1,1,1,1
4460T,0,1,1,1,1
5126T,0,1,1,1,1
5499T,0,1,1,1,1
5918T,0,1,1,1,1
8410T,0,1,1,1,1
5954T,0,1,1,1,1
5912A,0,0,1,1,1
5919T,0,1,1,1,1
5920A,0,1,1,1,1
2180A,0,1,1,1,1
1099A,0,1,1,1,1
2729A,0,1,1,1,1
2567A,0,1,1,1,1
2631A,0,1,1,1,1
1399A,1,1,1,1,1
1327A,0,1,1,1,1
2910A,0,1,1,1,1
2710A,0,1,1,1,1
2726A,1,1,1,1,1
2728A,0,0,1,1,1
1329A,0,0,1,1,1
1329-A,0,1,1,1,1
1399A,0,1,1,1,1
4147T,0,1,1,1,1
5581A,0,1,1,1,1
1391A,0,1,1,1,1
1138A,0,0,1,1,1
1294A,0,0,1,1,1
2855A,0,1,1,1,1
2079A,0,1,1,1,1
2909A,1,1,1,1,1
2912A,0,1,1,1,1
2933A,0,1,1,1,1
1916A,0,0,1,1,1
2867A,0,0,1,1,1
2590A,0,1,1,1,1
2596A,0,1,1,0,1
2610A,0,1,1,1,1
2616A,0,0,1,1,1
2643A,0,1,1,1,1
2644A,0,0,1,1,1
2647A,0,1,1,1,1
2653A,0,0,1,1,1
2657A,0,1,1,1,1
2664A,1,1,1,1,1
2665A,0,1,1,1,1
2708A,0,0,1,1,1
2662A,0,0,1,1,1
2668A,0,0,1,1,1
2676A,1,1,1,1,1
2678A,0,0,1,1,1
2679A,0,0,1,1,1
2694A,0,0,1,1,1
2703A,0,0,1,1,1
2274A,0,1,1,1,1
2083A,0,0,1,1,1
2241A,1,1,1,1,1
2181A,1,1,1,1,1
2585A,0,1,1,1,1
5599T,0,1,1,1,1
3786T,0,1,1,1,1
