Snp_coordinate,Chrom,POS,P_value
Pf3D7_01_v3:139191,1,139191,NA
Pf3D7_01_v3:140820,1,140820,NA
Pf3D7_01_v3:455877,1,455877,NA
Pf3D7_01_v3:472576,1,472576,NA
Pf3D7_01_v3:472583,1,472583,NA
Pf3D7_01_v3:480434,1,480434,NA
Pf3D7_01_v3:489274,1,489274,NA
Pf3D7_01_v3:100608,1,100608,NA
Pf3D7_01_v3:138823,1,138823,NA
Pf3D7_01_v3:155939,1,155939,NA
Pf3D7_01_v3:155978,1,155978,NA
Pf3D7_01_v3:159562,1,159562,NA
Pf3D7_01_v3:167899,1,167899,NA
Pf3D7_01_v3:182927,1,182927,NA
Pf3D7_01_v3:205066,1,205066,NA
Pf3D7_01_v3:239376,1,239376,NA
Pf3D7_01_v3:244080,1,244080,NA
Pf3D7_01_v3:308232,1,308232,NA
Pf3D7_01_v3:308385,1,308385,NA
Pf3D7_01_v3:309042,1,309042,NA
Pf3D7_01_v3:349253,1,349253,NA
Pf3D7_01_v3:397985,1,397985,NA
Pf3D7_01_v3:487057,1,487057,NA
Pf3D7_01_v3:497883,1,497883,NA
Pf3D7_01_v3:498090,1,498090,NA
Pf3D7_01_v3:506069,1,506069,NA
Pf3D7_01_v3:532656,1,532656,NA
Pf3D7_01_v3:534237,1,534237,NA
Pf3D7_01_v3:536003,1,536003,NA
Pf3D7_01_v3:536312,1,536312,NA
Pf3D7_01_v3:536315,1,536315,NA
Pf3D7_01_v3:537427,1,537427,NA
Pf3D7_02_v3:278862,2,278862,NA
Pf3D7_02_v3:278864,2,278864,NA
Pf3D7_02_v3:290569,2,290569,NA
Pf3D7_02_v3:292382,2,292382,NA
Pf3D7_02_v3:297021,2,297021,NA
Pf3D7_02_v3:366771,2,366771,NA
Pf3D7_02_v3:367271,2,367271,NA
Pf3D7_02_v3:375098,2,375098,NA
Pf3D7_02_v3:375135,2,375135,NA
Pf3D7_02_v3:375427,2,375427,NA
Pf3D7_02_v3:375838,2,375838,NA
Pf3D7_02_v3:375922,2,375922,NA
Pf3D7_02_v3:376045,2,376045,NA
Pf3D7_02_v3:376222,2,376222,NA
Pf3D7_02_v3:379046,2,379046,NA
Pf3D7_02_v3:519370,2,519370,NA
Pf3D7_02_v3:519382,2,519382,NA
Pf3D7_02_v3:579278,2,579278,NA
Pf3D7_02_v3:608790,2,608790,NA
Pf3D7_02_v3:614962,2,614962,NA
Pf3D7_02_v3:615318,2,615318,NA
Pf3D7_02_v3:617482,2,617482,NA
Pf3D7_02_v3:623111,2,623111,NA
Pf3D7_02_v3:623146,2,623146,NA
Pf3D7_02_v3:628750,2,628750,NA
Pf3D7_02_v3:629060,2,629060,NA
Pf3D7_02_v3:629375,2,629375,NA
Pf3D7_02_v3:629996,2,629996,NA
Pf3D7_02_v3:630135,2,630135,NA
Pf3D7_02_v3:630150,2,630150,NA
Pf3D7_02_v3:630420,2,630420,NA
Pf3D7_02_v3:630450,2,630450,NA
Pf3D7_02_v3:630545,2,630545,NA
Pf3D7_02_v3:630710,2,630710,NA
Pf3D7_02_v3:630737,2,630737,NA
Pf3D7_02_v3:630990,2,630990,NA
Pf3D7_02_v3:631092,2,631092,NA
Pf3D7_02_v3:631190,2,631190,NA
Pf3D7_02_v3:641228,2,641228,NA
Pf3D7_02_v3:641789,2,641789,NA
Pf3D7_02_v3:658046,2,658046,NA
Pf3D7_02_v3:658385,2,658385,NA
Pf3D7_02_v3:798866,2,798866,NA
Pf3D7_02_v3:798907,2,798907,NA
Pf3D7_02_v3:799420,2,799420,NA
Pf3D7_02_v3:813895,2,813895,NA
Pf3D7_02_v3:813896,2,813896,NA
Pf3D7_02_v3:814288,2,814288,NA
Pf3D7_02_v3:814329,2,814329,NA
Pf3D7_02_v3:814702,2,814702,NA
Pf3D7_02_v3:199406,2,199406,NA
Pf3D7_02_v3:206291,2,206291,NA
Pf3D7_02_v3:207266,2,207266,NA
Pf3D7_02_v3:222175,2,222175,NA
Pf3D7_02_v3:276069,2,276069,NA
Pf3D7_02_v3:278010,2,278010,NA
Pf3D7_02_v3:292095,2,292095,NA
Pf3D7_02_v3:310065,2,310065,NA
Pf3D7_02_v3:320620,2,320620,NA
Pf3D7_02_v3:320647,2,320647,NA
Pf3D7_02_v3:322398,2,322398,NA
Pf3D7_02_v3:322746,2,322746,NA
Pf3D7_02_v3:322845,2,322845,NA
Pf3D7_02_v3:322863,2,322863,NA
Pf3D7_02_v3:323022,2,323022,NA
Pf3D7_02_v3:372738,2,372738,NA
Pf3D7_02_v3:375825,2,375825,NA
Pf3D7_02_v3:401697,2,401697,NA
Pf3D7_02_v3:480862,2,480862,NA
Pf3D7_02_v3:501972,2,501972,NA
Pf3D7_02_v3:503169,2,503169,NA
Pf3D7_02_v3:504300,2,504300,NA
Pf3D7_02_v3:512104,2,512104,NA
Pf3D7_02_v3:516865,2,516865,NA
Pf3D7_02_v3:549049,2,549049,NA
Pf3D7_02_v3:550704,2,550704,NA
Pf3D7_02_v3:554110,2,554110,NA
Pf3D7_02_v3:558953,2,558953,NA
Pf3D7_02_v3:651509,2,651509,NA
Pf3D7_02_v3:671972,2,671972,NA
Pf3D7_02_v3:693095,2,693095,NA
Pf3D7_02_v3:694307,2,694307,NA
Pf3D7_02_v3:709850,2,709850,NA
Pf3D7_02_v3:712208,2,712208,NA
Pf3D7_02_v3:797146,2,797146,NA
Pf3D7_02_v3:800017,2,800017,NA
Pf3D7_02_v3:800695,2,800695,NA
Pf3D7_02_v3:805983,2,805983,NA
Pf3D7_02_v3:839178,2,839178,NA
Pf3D7_02_v3:839620,2,839620,NA
Pf3D7_02_v3:841296,2,841296,NA
Pf3D7_02_v3:841795,2,841795,NA
Pf3D7_02_v3:841819,2,841819,NA
Pf3D7_02_v3:845795,2,845795,NA
Pf3D7_03_v3:140020,3,140020,NA
Pf3D7_03_v3:442821,3,442821,NA
Pf3D7_03_v3:444950,3,444950,NA
Pf3D7_03_v3:469760,3,469760,NA
Pf3D7_03_v3:474002,3,474002,NA
Pf3D7_03_v3:563024,3,563024,NA
Pf3D7_03_v3:622763,3,622763,NA
Pf3D7_03_v3:689280,3,689280,NA
Pf3D7_03_v3:775498,3,775498,NA
Pf3D7_03_v3:776823,3,776823,NA
Pf3D7_03_v3:783697,3,783697,NA
Pf3D7_03_v3:788401,3,788401,NA
Pf3D7_03_v3:804929,3,804929,NA
Pf3D7_03_v3:805130,3,805130,NA
Pf3D7_03_v3:807785,3,807785,NA
Pf3D7_03_v3:826589,3,826589,NA
Pf3D7_03_v3:827158,3,827158,NA
Pf3D7_03_v3:827900,3,827900,NA
Pf3D7_03_v3:827914,3,827914,NA
Pf3D7_03_v3:830833,3,830833,NA
Pf3D7_03_v3:836094,3,836094,NA
Pf3D7_03_v3:844117,3,844117,NA
Pf3D7_03_v3:849667,3,849667,NA
Pf3D7_03_v3:849691,3,849691,NA
Pf3D7_03_v3:849850,3,849850,NA
Pf3D7_03_v3:851712,3,851712,NA
Pf3D7_03_v3:853052,3,853052,NA
Pf3D7_03_v3:897800,3,897800,NA
Pf3D7_03_v3:71323,3,71323,NA
Pf3D7_03_v3:104807,3,104807,NA
Pf3D7_03_v3:104810,3,104810,NA
Pf3D7_03_v3:106144,3,106144,NA
Pf3D7_03_v3:109722,3,109722,NA
Pf3D7_03_v3:117765,3,117765,NA
Pf3D7_03_v3:124534,3,124534,NA
Pf3D7_03_v3:140294,3,140294,NA
Pf3D7_03_v3:140327,3,140327,NA
Pf3D7_03_v3:140417,3,140417,NA
Pf3D7_03_v3:140420,3,140420,NA
Pf3D7_03_v3:140444,3,140444,NA
Pf3D7_03_v3:140459,3,140459,NA
Pf3D7_03_v3:142944,3,142944,NA
Pf3D7_03_v3:183105,3,183105,NA
Pf3D7_03_v3:185604,3,185604,NA
Pf3D7_03_v3:205816,3,205816,NA
Pf3D7_03_v3:241146,3,241146,NA
Pf3D7_03_v3:282671,3,282671,NA
Pf3D7_03_v3:285065,3,285065,NA
Pf3D7_03_v3:302963,3,302963,NA
Pf3D7_03_v3:341291,3,341291,NA
Pf3D7_03_v3:354592,3,354592,NA
Pf3D7_03_v3:361199,3,361199,NA
Pf3D7_03_v3:363473,3,363473,NA
Pf3D7_03_v3:363731,3,363731,NA
Pf3D7_03_v3:489823,3,489823,NA
Pf3D7_03_v3:507008,3,507008,NA
Pf3D7_03_v3:507451,3,507451,NA
Pf3D7_03_v3:509618,3,509618,NA
Pf3D7_03_v3:510782,3,510782,NA
Pf3D7_03_v3:514084,3,514084,NA
Pf3D7_03_v3:645241,3,645241,NA
Pf3D7_03_v3:654452,3,654452,NA
Pf3D7_03_v3:674673,3,674673,NA
Pf3D7_03_v3:679453,3,679453,NA
Pf3D7_03_v3:680179,3,680179,NA
Pf3D7_03_v3:683314,3,683314,NA
Pf3D7_03_v3:730277,3,730277,NA
Pf3D7_03_v3:749616,3,749616,NA
Pf3D7_03_v3:750795,3,750795,NA
Pf3D7_03_v3:750882,3,750882,NA
Pf3D7_03_v3:752418,3,752418,NA
Pf3D7_03_v3:756863,3,756863,NA
Pf3D7_03_v3:777465,3,777465,NA
Pf3D7_03_v3:796056,3,796056,NA
Pf3D7_03_v3:831268,3,831268,NA
Pf3D7_03_v3:879466,3,879466,NA
Pf3D7_03_v3:887238,3,887238,NA
Pf3D7_03_v3:888429,3,888429,NA
Pf3D7_03_v3:892045,3,892045,NA
Pf3D7_03_v3:896996,3,896996,NA
Pf3D7_03_v3:916639,3,916639,NA
Pf3D7_03_v3:916641,3,916641,NA
Pf3D7_03_v3:916719,3,916719,NA
Pf3D7_03_v3:917487,3,917487,NA
Pf3D7_03_v3:920967,3,920967,NA
Pf3D7_03_v3:924907,3,924907,NA
Pf3D7_03_v3:943993,3,943993,NA
Pf3D7_03_v3:946197,3,946197,NA
Pf3D7_03_v3:988828,3,988828,NA
Pf3D7_03_v3:140060,3,140060,NA
Pf3D7_03_v3:805764,3,805764,NA
Pf3D7_03_v3:812699,3,812699,NA
Pf3D7_03_v3:823303,3,823303,NA
Pf3D7_04_v3:110012,4,110012,NA
Pf3D7_04_v3:124690,4,124690,NA
Pf3D7_04_v3:138491,4,138491,NA
Pf3D7_04_v3:141896,4,141896,NA
Pf3D7_04_v3:242143,4,242143,NA
Pf3D7_04_v3:249905,4,249905,NA
Pf3D7_04_v3:306875,4,306875,NA
Pf3D7_04_v3:413424,4,413424,NA
Pf3D7_04_v3:415158,4,415158,NA
Pf3D7_04_v3:485881,4,485881,NA
Pf3D7_04_v3:731095,4,731095,NA
Pf3D7_04_v3:739967,4,739967,NA
Pf3D7_04_v3:741600,4,741600,NA
Pf3D7_04_v3:748262,4,748262,NA
Pf3D7_04_v3:767099,4,767099,NA
Pf3D7_04_v3:771505,4,771505,NA
Pf3D7_04_v3:802705,4,802705,NA
Pf3D7_04_v3:884153,4,884153,NA
Pf3D7_04_v3:884558,4,884558,NA
Pf3D7_04_v3:1065176,4,1065176,NA
Pf3D7_04_v3:1065188,4,1065188,NA
Pf3D7_04_v3:1071662,4,1071662,NA
Pf3D7_04_v3:1082657,4,1082657,NA
Pf3D7_04_v3:1083502,4,1083502,NA
Pf3D7_04_v3:1083505,4,1083505,NA
Pf3D7_04_v3:1089818,4,1089818,NA
Pf3D7_04_v3:1113532,4,1113532,NA
Pf3D7_04_v3:1113552,4,1113552,NA
Pf3D7_04_v3:1121457,4,1121457,NA
Pf3D7_04_v3:1121472,4,1121472,NA
Pf3D7_04_v3:1122147,4,1122147,NA
Pf3D7_04_v3:1123679,4,1123679,NA
Pf3D7_04_v3:1124303,4,1124303,NA
Pf3D7_04_v3:1124379,4,1124379,NA
Pf3D7_04_v3:1125973,4,1125973,NA
Pf3D7_04_v3:130689,4,130689,NA
Pf3D7_04_v3:139405,4,139405,NA
Pf3D7_04_v3:143683,4,143683,NA
Pf3D7_04_v3:143869,4,143869,NA
Pf3D7_04_v3:144991,4,144991,NA
Pf3D7_04_v3:187225,4,187225,NA
Pf3D7_04_v3:208960,4,208960,NA
Pf3D7_04_v3:358245,4,358245,NA
Pf3D7_04_v3:390170,4,390170,NA
Pf3D7_04_v3:418411,4,418411,NA
Pf3D7_04_v3:450161,4,450161,NA
Pf3D7_04_v3:487211,4,487211,NA
Pf3D7_04_v3:508879,4,508879,NA
Pf3D7_04_v3:514993,4,514993,NA
Pf3D7_04_v3:515065,4,515065,NA
Pf3D7_04_v3:515611,4,515611,NA
Pf3D7_04_v3:515842,4,515842,NA
Pf3D7_04_v3:516697,4,516697,NA
Pf3D7_04_v3:521290,4,521290,NA
Pf3D7_04_v3:521293,4,521293,NA
Pf3D7_04_v3:529239,4,529239,NA
Pf3D7_04_v3:529482,4,529482,NA
Pf3D7_04_v3:538180,4,538180,NA
Pf3D7_04_v3:544797,4,544797,NA
Pf3D7_04_v3:623794,4,623794,NA
Pf3D7_04_v3:625475,4,625475,NA
Pf3D7_04_v3:630638,4,630638,NA
Pf3D7_04_v3:630923,4,630923,NA
Pf3D7_04_v3:635087,4,635087,NA
Pf3D7_04_v3:659190,4,659190,NA
Pf3D7_04_v3:668673,4,668673,NA
Pf3D7_04_v3:673790,4,673790,NA
Pf3D7_04_v3:683072,4,683072,NA
Pf3D7_04_v3:684674,4,684674,NA
Pf3D7_04_v3:691520,4,691520,NA
Pf3D7_04_v3:692160,4,692160,NA
Pf3D7_04_v3:776030,4,776030,NA
Pf3D7_04_v3:781969,4,781969,NA
Pf3D7_04_v3:787660,4,787660,NA
Pf3D7_04_v3:788194,4,788194,NA
Pf3D7_04_v3:788206,4,788206,NA
Pf3D7_04_v3:788209,4,788209,NA
Pf3D7_04_v3:789241,4,789241,NA
Pf3D7_04_v3:791143,4,791143,NA
Pf3D7_04_v3:793904,4,793904,NA
Pf3D7_04_v3:794321,4,794321,NA
Pf3D7_04_v3:797704,4,797704,NA
Pf3D7_04_v3:831954,4,831954,NA
Pf3D7_04_v3:832143,4,832143,NA
Pf3D7_04_v3:835428,4,835428,NA
Pf3D7_04_v3:836490,4,836490,NA
Pf3D7_04_v3:838218,4,838218,NA
Pf3D7_04_v3:839310,4,839310,NA
Pf3D7_04_v3:848597,4,848597,NA
Pf3D7_04_v3:856066,4,856066,NA
Pf3D7_04_v3:856599,4,856599,NA
Pf3D7_04_v3:860463,4,860463,NA
Pf3D7_04_v3:865237,4,865237,NA
Pf3D7_04_v3:865912,4,865912,NA
Pf3D7_04_v3:887172,4,887172,NA
Pf3D7_04_v3:889062,4,889062,NA
Pf3D7_04_v3:897462,4,897462,NA
Pf3D7_04_v3:898407,4,898407,NA
Pf3D7_04_v3:899970,4,899970,NA
Pf3D7_04_v3:910225,4,910225,NA
Pf3D7_04_v3:920566,4,920566,NA
Pf3D7_04_v3:925627,4,925627,NA
Pf3D7_04_v3:927454,4,927454,NA
Pf3D7_04_v3:930011,4,930011,NA
Pf3D7_04_v3:932894,4,932894,NA
Pf3D7_04_v3:933875,4,933875,NA
Pf3D7_04_v3:989663,4,989663,NA
Pf3D7_04_v3:992024,4,992024,NA
Pf3D7_04_v3:1029658,4,1029658,NA
Pf3D7_04_v3:1032346,4,1032346,NA
Pf3D7_04_v3:1032565,4,1032565,NA
Pf3D7_04_v3:1032592,4,1032592,NA
Pf3D7_04_v3:1035493,4,1035493,NA
Pf3D7_04_v3:1035499,4,1035499,NA
Pf3D7_04_v3:1036984,4,1036984,NA
Pf3D7_04_v3:1037890,4,1037890,NA
Pf3D7_04_v3:1038820,4,1038820,NA
Pf3D7_04_v3:1049838,4,1049838,NA
Pf3D7_04_v3:1050905,4,1050905,NA
Pf3D7_04_v3:1095831,4,1095831,NA
Pf3D7_04_v3:1096152,4,1096152,NA
Pf3D7_04_v3:1096167,4,1096167,NA
Pf3D7_04_v3:1097601,4,1097601,NA
Pf3D7_04_v3:1102926,4,1102926,NA
Pf3D7_04_v3:1128499,4,1128499,NA
Pf3D7_04_v3:738775,4,738775,NA
Pf3D7_04_v3:802695,4,802695,NA
Pf3D7_05_v3:242645,5,242645,NA
Pf3D7_05_v3:286141,5,286141,NA
Pf3D7_05_v3:287018,5,287018,NA
Pf3D7_05_v3:303419,5,303419,NA
Pf3D7_05_v3:318096,5,318096,NA
Pf3D7_05_v3:325026,5,325026,NA
Pf3D7_05_v3:325030,5,325030,NA
Pf3D7_05_v3:360322,5,360322,NA
Pf3D7_05_v3:367065,5,367065,NA
Pf3D7_05_v3:370984,5,370984,NA
Pf3D7_05_v3:384494,5,384494,NA
Pf3D7_05_v3:402624,5,402624,NA
Pf3D7_05_v3:402768,5,402768,NA
Pf3D7_05_v3:480337,5,480337,NA
Pf3D7_05_v3:482336,5,482336,NA
Pf3D7_05_v3:575556,5,575556,NA
Pf3D7_05_v3:613888,5,613888,NA
Pf3D7_05_v3:632372,5,632372,NA
Pf3D7_05_v3:648378,5,648378,NA
Pf3D7_05_v3:697513,5,697513,NA
Pf3D7_05_v3:765857,5,765857,NA
Pf3D7_05_v3:772671,5,772671,NA
Pf3D7_05_v3:776125,5,776125,NA
Pf3D7_05_v3:783503,5,783503,NA
Pf3D7_05_v3:787141,5,787141,NA
Pf3D7_05_v3:803584,5,803584,NA
Pf3D7_05_v3:806896,5,806896,NA
Pf3D7_05_v3:814159,5,814159,NA
Pf3D7_05_v3:826882,5,826882,NA
Pf3D7_05_v3:829676,5,829676,NA
Pf3D7_05_v3:836456,5,836456,NA
Pf3D7_05_v3:838933,5,838933,NA
Pf3D7_05_v3:842922,5,842922,NA
Pf3D7_05_v3:843390,5,843390,NA
Pf3D7_05_v3:844730,5,844730,NA
Pf3D7_05_v3:860853,5,860853,NA
Pf3D7_05_v3:878669,5,878669,NA
Pf3D7_05_v3:889725,5,889725,NA
Pf3D7_05_v3:893494,5,893494,NA
Pf3D7_05_v3:908694,5,908694,NA
Pf3D7_05_v3:911244,5,911244,NA
Pf3D7_05_v3:911820,5,911820,NA
Pf3D7_05_v3:912158,5,912158,NA
Pf3D7_05_v3:912856,5,912856,NA
Pf3D7_05_v3:913028,5,913028,NA
Pf3D7_05_v3:913473,5,913473,NA
Pf3D7_05_v3:914345,5,914345,NA
Pf3D7_05_v3:919062,5,919062,NA
Pf3D7_05_v3:920940,5,920940,NA
Pf3D7_05_v3:929348,5,929348,NA
Pf3D7_05_v3:929755,5,929755,NA
Pf3D7_05_v3:931503,5,931503,NA
Pf3D7_05_v3:933062,5,933062,NA
Pf3D7_05_v3:935006,5,935006,NA
Pf3D7_05_v3:941359,5,941359,NA
Pf3D7_05_v3:949342,5,949342,NA
Pf3D7_05_v3:958145,5,958145,NA
Pf3D7_05_v3:960046,5,960046,NA
Pf3D7_05_v3:961625,5,961625,NA
Pf3D7_05_v3:971977,5,971977,NA
Pf3D7_05_v3:973734,5,973734,NA
Pf3D7_05_v3:978914,5,978914,NA
Pf3D7_05_v3:979239,5,979239,NA
Pf3D7_05_v3:979877,5,979877,NA
Pf3D7_05_v3:981740,5,981740,NA
Pf3D7_05_v3:984614,5,984614,NA
Pf3D7_05_v3:1009091,5,1009091,NA
Pf3D7_05_v3:1011550,5,1011550,NA
Pf3D7_05_v3:1037173,5,1037173,NA
Pf3D7_05_v3:1038270,5,1038270,NA
Pf3D7_05_v3:1042252,5,1042252,NA
Pf3D7_05_v3:1042561,5,1042561,NA
Pf3D7_05_v3:1042766,5,1042766,NA
Pf3D7_05_v3:1043303,5,1043303,NA
Pf3D7_05_v3:1065356,5,1065356,NA
Pf3D7_05_v3:1066372,5,1066372,NA
Pf3D7_05_v3:1069392,5,1069392,NA
Pf3D7_05_v3:1105159,5,1105159,NA
Pf3D7_05_v3:1108238,5,1108238,NA
Pf3D7_05_v3:1108422,5,1108422,NA
Pf3D7_05_v3:1108445,5,1108445,NA
Pf3D7_05_v3:1109432,5,1109432,NA
Pf3D7_05_v3:1114182,5,1114182,NA
Pf3D7_05_v3:84637,5,84637,NA
Pf3D7_05_v3:132132,5,132132,NA
Pf3D7_05_v3:132201,5,132201,NA
Pf3D7_05_v3:144161,5,144161,NA
Pf3D7_05_v3:145385,5,145385,NA
Pf3D7_05_v3:146696,5,146696,NA
Pf3D7_05_v3:158020,5,158020,NA
Pf3D7_05_v3:198142,5,198142,NA
Pf3D7_05_v3:198958,5,198958,NA
Pf3D7_05_v3:224735,5,224735,NA
Pf3D7_05_v3:277520,5,277520,NA
Pf3D7_05_v3:289916,5,289916,NA
Pf3D7_05_v3:324155,5,324155,NA
Pf3D7_05_v3:345188,5,345188,NA
Pf3D7_05_v3:350933,5,350933,NA
Pf3D7_05_v3:351005,5,351005,NA
Pf3D7_05_v3:352439,5,352439,NA
Pf3D7_05_v3:364200,5,364200,NA
Pf3D7_05_v3:369740,5,369740,NA
Pf3D7_05_v3:370000,5,370000,NA
Pf3D7_05_v3:381640,5,381640,NA
Pf3D7_05_v3:385372,5,385372,NA
Pf3D7_05_v3:391225,5,391225,NA
Pf3D7_05_v3:397372,5,397372,NA
Pf3D7_05_v3:398584,5,398584,NA
Pf3D7_05_v3:404998,5,404998,NA
Pf3D7_05_v3:426361,5,426361,NA
Pf3D7_05_v3:472369,5,472369,NA
Pf3D7_05_v3:474904,5,474904,NA
Pf3D7_05_v3:476050,5,476050,NA
Pf3D7_05_v3:477271,5,477271,NA
Pf3D7_05_v3:477676,5,477676,NA
Pf3D7_05_v3:477900,5,477900,NA
Pf3D7_05_v3:501445,5,501445,NA
Pf3D7_05_v3:503395,5,503395,NA
Pf3D7_05_v3:507871,5,507871,NA
Pf3D7_05_v3:512965,5,512965,NA
Pf3D7_05_v3:564993,5,564993,NA
Pf3D7_05_v3:571202,5,571202,NA
Pf3D7_05_v3:585378,5,585378,NA
Pf3D7_05_v3:598347,5,598347,NA
Pf3D7_05_v3:610142,5,610142,NA
Pf3D7_05_v3:614723,5,614723,NA
Pf3D7_05_v3:615420,5,615420,NA
Pf3D7_05_v3:622364,5,622364,NA
Pf3D7_05_v3:635277,5,635277,NA
Pf3D7_05_v3:673560,5,673560,NA
Pf3D7_05_v3:679399,5,679399,NA
Pf3D7_05_v3:680745,5,680745,NA
Pf3D7_05_v3:697362,5,697362,NA
Pf3D7_05_v3:719091,5,719091,NA
Pf3D7_05_v3:734301,5,734301,NA
Pf3D7_05_v3:771157,5,771157,NA
Pf3D7_05_v3:776283,5,776283,NA
Pf3D7_05_v3:780325,5,780325,NA
Pf3D7_05_v3:788823,5,788823,NA
Pf3D7_05_v3:797269,5,797269,NA
Pf3D7_05_v3:797338,5,797338,NA
Pf3D7_05_v3:797395,5,797395,NA
Pf3D7_05_v3:801588,5,801588,NA
Pf3D7_05_v3:826855,5,826855,NA
Pf3D7_05_v3:831871,5,831871,NA
Pf3D7_05_v3:840339,5,840339,NA
Pf3D7_05_v3:851719,5,851719,NA
Pf3D7_05_v3:855823,5,855823,NA
Pf3D7_05_v3:921466,5,921466,NA
Pf3D7_05_v3:930435,5,930435,NA
Pf3D7_05_v3:940677,5,940677,NA
Pf3D7_05_v3:960409,5,960409,NA
Pf3D7_05_v3:961096,5,961096,NA
Pf3D7_05_v3:967820,5,967820,NA
Pf3D7_05_v3:999556,5,999556,NA
Pf3D7_05_v3:1007374,5,1007374,NA
Pf3D7_05_v3:1037569,5,1037569,NA
Pf3D7_05_v3:1063005,5,1063005,NA
Pf3D7_05_v3:1071405,5,1071405,NA
Pf3D7_05_v3:1089097,5,1089097,NA
Pf3D7_05_v3:1092309,5,1092309,NA
Pf3D7_05_v3:1136741,5,1136741,NA
Pf3D7_05_v3:1161287,5,1161287,NA
Pf3D7_05_v3:1172818,5,1172818,NA
Pf3D7_05_v3:1178426,5,1178426,NA
Pf3D7_05_v3:1181373,5,1181373,NA
Pf3D7_05_v3:1187684,5,1187684,NA
Pf3D7_05_v3:1187705,5,1187705,NA
Pf3D7_05_v3:1188335,5,1188335,NA
Pf3D7_05_v3:1188491,5,1188491,NA
Pf3D7_05_v3:1188542,5,1188542,NA
Pf3D7_05_v3:1196977,5,1196977,NA
Pf3D7_05_v3:1196989,5,1196989,NA
Pf3D7_05_v3:1283713,5,1283713,NA
Pf3D7_05_v3:1303863,5,1303863,NA
Pf3D7_05_v3:1309298,5,1309298,NA
Pf3D7_05_v3:626470,5,626470,NA
Pf3D7_05_v3:743364,5,743364,NA
Pf3D7_05_v3:897486,5,897486,NA
Pf3D7_05_v3:910204,5,910204,NA
Pf3D7_05_v3:1080174,5,1080174,NA
Pf3D7_05_v3:1107403,5,1107403,NA
Pf3D7_05_v3:1133651,5,1133651,NA
Pf3D7_05_v3:1134206,5,1134206,NA
Pf3D7_06_v3:237194,6,237194,NA
Pf3D7_06_v3:312414,6,312414,NA
Pf3D7_06_v3:378245,6,378245,NA
Pf3D7_06_v3:379446,6,379446,NA
Pf3D7_06_v3:380234,6,380234,NA
Pf3D7_06_v3:382976,6,382976,NA
Pf3D7_06_v3:389754,6,389754,NA
Pf3D7_06_v3:390001,6,390001,NA
Pf3D7_06_v3:635935,6,635935,NA
Pf3D7_06_v3:636044,6,636044,NA
Pf3D7_06_v3:664888,6,664888,NA
Pf3D7_06_v3:685240,6,685240,NA
Pf3D7_06_v3:687394,6,687394,NA
Pf3D7_06_v3:697009,6,697009,NA
Pf3D7_06_v3:842714,6,842714,NA
Pf3D7_06_v3:842727,6,842727,NA
Pf3D7_06_v3:851530,6,851530,NA
Pf3D7_06_v3:851736,6,851736,NA
Pf3D7_06_v3:951402,6,951402,NA
Pf3D7_06_v3:966409,6,966409,NA
Pf3D7_06_v3:981146,6,981146,NA
Pf3D7_06_v3:984431,6,984431,NA
Pf3D7_06_v3:985434,6,985434,NA
Pf3D7_06_v3:993300,6,993300,NA
Pf3D7_06_v3:1007592,6,1007592,NA
Pf3D7_06_v3:1017274,6,1017274,NA
Pf3D7_06_v3:1029663,6,1029663,NA
Pf3D7_06_v3:1035326,6,1035326,NA
Pf3D7_06_v3:1048741,6,1048741,NA
Pf3D7_06_v3:1051119,6,1051119,NA
Pf3D7_06_v3:1067690,6,1067690,NA
Pf3D7_06_v3:1091436,6,1091436,NA
Pf3D7_06_v3:1095869,6,1095869,NA
Pf3D7_06_v3:1100815,6,1100815,NA
Pf3D7_06_v3:1115191,6,1115191,NA
Pf3D7_06_v3:1116117,6,1116117,NA
Pf3D7_06_v3:1116592,6,1116592,NA
Pf3D7_06_v3:1117000,6,1117000,NA
Pf3D7_06_v3:1117447,6,1117447,NA
Pf3D7_06_v3:1120459,6,1120459,NA
Pf3D7_06_v3:1121650,6,1121650,NA
Pf3D7_06_v3:1125027,6,1125027,NA
Pf3D7_06_v3:1126423,6,1126423,NA
Pf3D7_06_v3:1129620,6,1129620,NA
Pf3D7_06_v3:1160911,6,1160911,NA
Pf3D7_06_v3:1192690,6,1192690,NA
Pf3D7_06_v3:1193139,6,1193139,NA
Pf3D7_06_v3:1206227,6,1206227,NA
Pf3D7_06_v3:1206498,6,1206498,NA
Pf3D7_06_v3:1207597,6,1207597,NA
Pf3D7_06_v3:1214259,6,1214259,NA
Pf3D7_06_v3:1215233,6,1215233,NA
Pf3D7_06_v3:1224777,6,1224777,NA
Pf3D7_06_v3:1231288,6,1231288,NA
Pf3D7_06_v3:1238829,6,1238829,NA
Pf3D7_06_v3:1240578,6,1240578,NA
Pf3D7_06_v3:1245389,6,1245389,NA
Pf3D7_06_v3:1252816,6,1252816,NA
Pf3D7_06_v3:1260016,6,1260016,NA
Pf3D7_06_v3:114520,6,114520,NA
Pf3D7_06_v3:114745,6,114745,NA
Pf3D7_06_v3:116629,6,116629,NA
Pf3D7_06_v3:120018,6,120018,NA
Pf3D7_06_v3:136342,6,136342,NA
Pf3D7_06_v3:148827,6,148827,NA
Pf3D7_06_v3:158543,6,158543,NA
Pf3D7_06_v3:182965,6,182965,NA
Pf3D7_06_v3:231858,6,231858,NA
Pf3D7_06_v3:242392,6,242392,NA
Pf3D7_06_v3:321567,6,321567,NA
Pf3D7_06_v3:345483,6,345483,NA
Pf3D7_06_v3:380877,6,380877,NA
Pf3D7_06_v3:408976,6,408976,NA
Pf3D7_06_v3:491628,6,491628,NA
Pf3D7_06_v3:529076,6,529076,NA
Pf3D7_06_v3:531935,6,531935,NA
Pf3D7_06_v3:532304,6,532304,NA
Pf3D7_06_v3:532523,6,532523,NA
Pf3D7_06_v3:571121,6,571121,NA
Pf3D7_06_v3:590606,6,590606,NA
Pf3D7_06_v3:621173,6,621173,NA
Pf3D7_06_v3:634139,6,634139,NA
Pf3D7_06_v3:639086,6,639086,NA
Pf3D7_06_v3:776260,6,776260,NA
Pf3D7_06_v3:780026,6,780026,NA
Pf3D7_06_v3:788021,6,788021,NA
Pf3D7_06_v3:803395,6,803395,NA
Pf3D7_06_v3:816606,6,816606,NA
Pf3D7_06_v3:824200,6,824200,NA
Pf3D7_06_v3:834400,6,834400,NA
Pf3D7_06_v3:836560,6,836560,NA
Pf3D7_06_v3:847198,6,847198,NA
Pf3D7_06_v3:887805,6,887805,NA
Pf3D7_06_v3:895391,6,895391,NA
Pf3D7_06_v3:909069,6,909069,NA
Pf3D7_06_v3:937752,6,937752,NA
Pf3D7_06_v3:938238,6,938238,NA
Pf3D7_06_v3:962327,6,962327,NA
Pf3D7_06_v3:991899,6,991899,NA
Pf3D7_06_v3:1002835,6,1002835,NA
Pf3D7_06_v3:1027653,6,1027653,NA
Pf3D7_06_v3:1028182,6,1028182,NA
Pf3D7_06_v3:1040344,6,1040344,NA
Pf3D7_06_v3:1056479,6,1056479,NA
Pf3D7_06_v3:1111541,6,1111541,NA
Pf3D7_06_v3:1114928,6,1114928,NA
Pf3D7_06_v3:1115372,6,1115372,NA
Pf3D7_06_v3:1115453,6,1115453,NA
Pf3D7_06_v3:1116314,6,1116314,NA
Pf3D7_06_v3:1130064,6,1130064,NA
Pf3D7_06_v3:1132350,6,1132350,NA
Pf3D7_06_v3:1136295,6,1136295,NA
Pf3D7_06_v3:1151994,6,1151994,NA
Pf3D7_06_v3:1252136,6,1252136,NA
Pf3D7_06_v3:1256674,6,1256674,NA
Pf3D7_06_v3:1266060,6,1266060,NA
Pf3D7_06_v3:1266600,6,1266600,NA
Pf3D7_06_v3:1267260,6,1267260,NA
Pf3D7_06_v3:1267752,6,1267752,NA
Pf3D7_06_v3:1268187,6,1268187,NA
Pf3D7_06_v3:1268325,6,1268325,NA
Pf3D7_06_v3:1268778,6,1268778,NA
Pf3D7_06_v3:1268973,6,1268973,NA
Pf3D7_06_v3:1280801,6,1280801,NA
Pf3D7_06_v3:1282493,6,1282493,NA
Pf3D7_06_v3:1282691,6,1282691,NA
Pf3D7_06_v3:1282748,6,1282748,NA
Pf3D7_06_v3:1283063,6,1283063,NA
Pf3D7_06_v3:1289212,6,1289212,NA
Pf3D7_06_v3:1291860,6,1291860,NA
Pf3D7_06_v3:1197298,6,1197298,NA
Pf3D7_06_v3:1235507,6,1235507,NA
Pf3D7_06_v3:1241113,6,1241113,NA
Pf3D7_07_v3:105245,7,105245,NA
Pf3D7_07_v3:105280,7,105280,NA
Pf3D7_07_v3:105304,7,105304,NA
Pf3D7_07_v3:105510,7,105510,NA
Pf3D7_07_v3:370875,7,370875,NA
Pf3D7_07_v3:375818,7,375818,NA
Pf3D7_07_v3:377477,7,377477,NA
Pf3D7_07_v3:383137,7,383137,NA
Pf3D7_07_v3:383166,7,383166,NA
Pf3D7_07_v3:385921,7,385921,NA
Pf3D7_07_v3:391494,7,391494,NA
Pf3D7_07_v3:403337,7,403337,NA
Pf3D7_07_v3:403625,7,403625,NA
Pf3D7_07_v3:405838,7,405838,NA
Pf3D7_07_v3:406231,7,406231,NA
Pf3D7_07_v3:408697,7,408697,NA
Pf3D7_07_v3:408743,7,408743,NA
Pf3D7_07_v3:410036,7,410036,NA
Pf3D7_07_v3:410132,7,410132,NA
Pf3D7_07_v3:411006,7,411006,NA
Pf3D7_07_v3:411011,7,411011,NA
Pf3D7_07_v3:411597,7,411597,NA
Pf3D7_07_v3:412466,7,412466,NA
Pf3D7_07_v3:414615,7,414615,NA
Pf3D7_07_v3:415137,7,415137,NA
Pf3D7_07_v3:416615,7,416615,NA
Pf3D7_07_v3:417360,7,417360,NA
Pf3D7_07_v3:420853,7,420853,NA
Pf3D7_07_v3:420908,7,420908,NA
Pf3D7_07_v3:420925,7,420925,NA
Pf3D7_07_v3:421420,7,421420,NA
Pf3D7_07_v3:421931,7,421931,NA
Pf3D7_07_v3:421932,7,421932,NA
Pf3D7_07_v3:426753,7,426753,NA
Pf3D7_07_v3:430364,7,430364,NA
Pf3D7_07_v3:432784,7,432784,NA
Pf3D7_07_v3:726594,7,726594,NA
Pf3D7_07_v3:726661,7,726661,NA
Pf3D7_07_v3:729531,7,729531,NA
Pf3D7_07_v3:730051,7,730051,NA
Pf3D7_07_v3:730062,7,730062,NA
Pf3D7_07_v3:730791,7,730791,NA
Pf3D7_07_v3:731035,7,731035,NA
Pf3D7_07_v3:816733,7,816733,NA
Pf3D7_07_v3:817583,7,817583,NA
Pf3D7_07_v3:886501,7,886501,NA
Pf3D7_07_v3:905171,7,905171,NA
Pf3D7_07_v3:956463,7,956463,NA
Pf3D7_07_v3:1026510,7,1026510,NA
Pf3D7_07_v3:1050972,7,1050972,NA
Pf3D7_07_v3:1053154,7,1053154,NA
Pf3D7_07_v3:1056801,7,1056801,NA
Pf3D7_07_v3:1112029,7,1112029,NA
Pf3D7_07_v3:1133686,7,1133686,NA
Pf3D7_07_v3:1134417,7,1134417,NA
Pf3D7_07_v3:1369199,7,1369199,NA
Pf3D7_07_v3:125579,7,125579,NA
Pf3D7_07_v3:157547,7,157547,NA
Pf3D7_07_v3:157565,7,157565,NA
Pf3D7_07_v3:157601,7,157601,NA
Pf3D7_07_v3:162203,7,162203,NA
Pf3D7_07_v3:194825,7,194825,NA
Pf3D7_07_v3:199193,7,199193,NA
Pf3D7_07_v3:203171,7,203171,NA
Pf3D7_07_v3:204987,7,204987,NA
Pf3D7_07_v3:226177,7,226177,NA
Pf3D7_07_v3:226222,7,226222,NA
Pf3D7_07_v3:227275,7,227275,NA
Pf3D7_07_v3:228601,7,228601,NA
Pf3D7_07_v3:264223,7,264223,NA
Pf3D7_07_v3:276094,7,276094,NA
Pf3D7_07_v3:298916,7,298916,NA
Pf3D7_07_v3:344469,7,344469,NA
Pf3D7_07_v3:354126,7,354126,NA
Pf3D7_07_v3:358917,7,358917,NA
Pf3D7_07_v3:378669,7,378669,NA
Pf3D7_07_v3:384293,7,384293,NA
Pf3D7_07_v3:392078,7,392078,NA
Pf3D7_07_v3:409108,7,409108,NA
Pf3D7_07_v3:411244,7,411244,NA
Pf3D7_07_v3:411352,7,411352,NA
Pf3D7_07_v3:417622,7,417622,NA
Pf3D7_07_v3:418378,7,418378,NA
Pf3D7_07_v3:419410,7,419410,NA
Pf3D7_07_v3:419413,7,419413,NA
Pf3D7_07_v3:420336,7,420336,NA
Pf3D7_07_v3:426245,7,426245,NA
Pf3D7_07_v3:430421,7,430421,NA
Pf3D7_07_v3:430538,7,430538,NA
Pf3D7_07_v3:430993,7,430993,NA
Pf3D7_07_v3:431194,7,431194,NA
Pf3D7_07_v3:431908,7,431908,NA
Pf3D7_07_v3:433054,7,433054,NA
Pf3D7_07_v3:433609,7,433609,NA
Pf3D7_07_v3:438905,7,438905,NA
Pf3D7_07_v3:449987,7,449987,NA
Pf3D7_07_v3:450032,7,450032,NA
Pf3D7_07_v3:450527,7,450527,NA
Pf3D7_07_v3:450529,7,450529,NA
Pf3D7_07_v3:450854,7,450854,NA
Pf3D7_07_v3:451331,7,451331,NA
Pf3D7_07_v3:455362,7,455362,NA
Pf3D7_07_v3:455494,7,455494,NA
Pf3D7_07_v3:456774,7,456774,NA
Pf3D7_07_v3:461191,7,461191,NA
Pf3D7_07_v3:464800,7,464800,NA
Pf3D7_07_v3:465019,7,465019,NA
Pf3D7_07_v3:469248,7,469248,NA
Pf3D7_07_v3:469353,7,469353,NA
Pf3D7_07_v3:470982,7,470982,NA
Pf3D7_07_v3:471237,7,471237,NA
Pf3D7_07_v3:472858,7,472858,NA
Pf3D7_07_v3:472864,7,472864,NA
Pf3D7_07_v3:473203,7,473203,NA
Pf3D7_07_v3:475324,7,475324,NA
Pf3D7_07_v3:483145,7,483145,NA
Pf3D7_07_v3:489150,7,489150,NA
Pf3D7_07_v3:489153,7,489153,NA
Pf3D7_07_v3:489666,7,489666,NA
Pf3D7_07_v3:492639,7,492639,NA
Pf3D7_07_v3:495462,7,495462,NA
Pf3D7_07_v3:497580,7,497580,NA
Pf3D7_07_v3:501191,7,501191,NA
Pf3D7_07_v3:505865,7,505865,NA
Pf3D7_07_v3:506984,7,506984,NA
Pf3D7_07_v3:507068,7,507068,NA
Pf3D7_07_v3:612906,7,612906,NA
Pf3D7_07_v3:614420,7,614420,NA
Pf3D7_07_v3:614531,7,614531,NA
Pf3D7_07_v3:614645,7,614645,NA
Pf3D7_07_v3:618007,7,618007,NA
Pf3D7_07_v3:619279,7,619279,NA
Pf3D7_07_v3:619738,7,619738,NA
Pf3D7_07_v3:619918,7,619918,NA
Pf3D7_07_v3:619924,7,619924,NA
Pf3D7_07_v3:619957,7,619957,NA
Pf3D7_07_v3:620774,7,620774,NA
Pf3D7_07_v3:627478,7,627478,NA
Pf3D7_07_v3:628825,7,628825,NA
Pf3D7_07_v3:631383,7,631383,NA
Pf3D7_07_v3:635254,7,635254,NA
Pf3D7_07_v3:635335,7,635335,NA
Pf3D7_07_v3:674338,7,674338,NA
Pf3D7_07_v3:678341,7,678341,NA
Pf3D7_07_v3:691736,7,691736,NA
Pf3D7_07_v3:692714,7,692714,NA
Pf3D7_07_v3:699262,7,699262,NA
Pf3D7_07_v3:700615,7,700615,NA
Pf3D7_07_v3:704373,7,704373,NA
Pf3D7_07_v3:705531,7,705531,NA
Pf3D7_07_v3:706335,7,706335,NA
Pf3D7_07_v3:725998,7,725998,NA
Pf3D7_07_v3:732859,7,732859,NA
Pf3D7_07_v3:736978,7,736978,NA
Pf3D7_07_v3:743191,7,743191,NA
Pf3D7_07_v3:744613,7,744613,NA
Pf3D7_07_v3:774722,7,774722,NA
Pf3D7_07_v3:796964,7,796964,NA
Pf3D7_07_v3:814407,7,814407,NA
Pf3D7_07_v3:844728,7,844728,NA
Pf3D7_07_v3:880789,7,880789,NA
Pf3D7_07_v3:884366,7,884366,NA
Pf3D7_07_v3:884384,7,884384,NA
Pf3D7_07_v3:894384,7,894384,NA
Pf3D7_07_v3:905648,7,905648,NA
Pf3D7_07_v3:910699,7,910699,NA
Pf3D7_07_v3:932156,7,932156,NA
Pf3D7_07_v3:990172,7,990172,NA
Pf3D7_07_v3:1001981,7,1001981,NA
Pf3D7_07_v3:1008272,7,1008272,NA
Pf3D7_07_v3:1011137,7,1011137,NA
Pf3D7_07_v3:1031428,7,1031428,NA
Pf3D7_07_v3:1044052,7,1044052,NA
Pf3D7_07_v3:1048937,7,1048937,NA
Pf3D7_07_v3:1065887,7,1065887,NA
Pf3D7_07_v3:1071621,7,1071621,NA
Pf3D7_07_v3:1093689,7,1093689,NA
Pf3D7_07_v3:1093704,7,1093704,NA
Pf3D7_07_v3:1105526,7,1105526,NA
Pf3D7_07_v3:1111528,7,1111528,NA
Pf3D7_07_v3:1153877,7,1153877,NA
Pf3D7_07_v3:1168247,7,1168247,NA
Pf3D7_07_v3:1170209,7,1170209,NA
Pf3D7_07_v3:1171742,7,1171742,NA
Pf3D7_07_v3:1172507,7,1172507,NA
Pf3D7_07_v3:1234511,7,1234511,NA
Pf3D7_07_v3:1256654,7,1256654,NA
Pf3D7_07_v3:1257296,7,1257296,NA
Pf3D7_07_v3:1269371,7,1269371,NA
Pf3D7_07_v3:1311891,7,1311891,NA
Pf3D7_07_v3:375471,7,375471,NA
Pf3D7_07_v3:384302,7,384302,NA
Pf3D7_07_v3:426524,7,426524,NA
Pf3D7_07_v3:435368,7,435368,NA
Pf3D7_07_v3:435497,7,435497,NA
Pf3D7_07_v3:732862,7,732862,NA
Pf3D7_07_v3:732865,7,732865,NA
Pf3D7_08_v3:97831,8,97831,NA
Pf3D7_08_v3:102094,8,102094,NA
Pf3D7_08_v3:340367,8,340367,NA
Pf3D7_08_v3:340944,8,340944,NA
Pf3D7_08_v3:411361,8,411361,NA
Pf3D7_08_v3:414715,8,414715,NA
Pf3D7_08_v3:477797,8,477797,NA
Pf3D7_08_v3:490710,8,490710,NA
Pf3D7_08_v3:491465,8,491465,NA
Pf3D7_08_v3:497184,8,497184,NA
Pf3D7_08_v3:501572,8,501572,NA
Pf3D7_08_v3:503494,8,503494,NA
Pf3D7_08_v3:511014,8,511014,NA
Pf3D7_08_v3:517675,8,517675,NA
Pf3D7_08_v3:521529,8,521529,NA
Pf3D7_08_v3:523869,8,523869,NA
Pf3D7_08_v3:525973,8,525973,NA
Pf3D7_08_v3:529764,8,529764,NA
Pf3D7_08_v3:542281,8,542281,NA
Pf3D7_08_v3:542477,8,542477,NA
Pf3D7_08_v3:542685,8,542685,NA
Pf3D7_08_v3:543476,8,543476,NA
Pf3D7_08_v3:544529,8,544529,NA
Pf3D7_08_v3:549666,8,549666,NA
Pf3D7_08_v3:549681,8,549681,NA
Pf3D7_08_v3:549685,8,549685,NA
Pf3D7_08_v3:549993,8,549993,NA
Pf3D7_08_v3:550212,8,550212,NA
Pf3D7_08_v3:551179,8,551179,NA
Pf3D7_08_v3:554173,8,554173,NA
Pf3D7_08_v3:554401,8,554401,NA
Pf3D7_08_v3:555547,8,555547,NA
Pf3D7_08_v3:555660,8,555660,NA
Pf3D7_08_v3:557087,8,557087,NA
Pf3D7_08_v3:559809,8,559809,NA
Pf3D7_08_v3:561907,8,561907,NA
Pf3D7_08_v3:562548,8,562548,NA
Pf3D7_08_v3:562617,8,562617,NA
Pf3D7_08_v3:579963,8,579963,NA
Pf3D7_08_v3:585466,8,585466,NA
Pf3D7_08_v3:585841,8,585841,NA
Pf3D7_08_v3:585854,8,585854,NA
Pf3D7_08_v3:586054,8,586054,NA
Pf3D7_08_v3:590906,8,590906,NA
Pf3D7_08_v3:591422,8,591422,NA
Pf3D7_08_v3:591455,8,591455,NA
Pf3D7_08_v3:593626,8,593626,NA
Pf3D7_08_v3:599367,8,599367,NA
Pf3D7_08_v3:599634,8,599634,NA
Pf3D7_08_v3:606655,8,606655,NA
Pf3D7_08_v3:616058,8,616058,NA
Pf3D7_08_v3:619138,8,619138,NA
Pf3D7_08_v3:620010,8,620010,NA
Pf3D7_08_v3:628698,8,628698,NA
Pf3D7_08_v3:628911,8,628911,NA
Pf3D7_08_v3:673827,8,673827,NA
Pf3D7_08_v3:682301,8,682301,NA
Pf3D7_08_v3:703454,8,703454,NA
Pf3D7_08_v3:713998,8,713998,NA
Pf3D7_08_v3:714198,8,714198,NA
Pf3D7_08_v3:783960,8,783960,NA
Pf3D7_08_v3:806841,8,806841,NA
Pf3D7_08_v3:812784,8,812784,NA
Pf3D7_08_v3:845787,8,845787,NA
Pf3D7_08_v3:847329,8,847329,NA
Pf3D7_08_v3:885980,8,885980,NA
Pf3D7_08_v3:933060,8,933060,NA
Pf3D7_08_v3:991389,8,991389,NA
Pf3D7_08_v3:1001970,8,1001970,NA
Pf3D7_08_v3:1063363,8,1063363,NA
Pf3D7_08_v3:1064970,8,1064970,NA
Pf3D7_08_v3:1147488,8,1147488,NA
Pf3D7_08_v3:1325198,8,1325198,NA
Pf3D7_08_v3:1325396,8,1325396,NA
Pf3D7_08_v3:1344569,8,1344569,NA
Pf3D7_08_v3:1344735,8,1344735,NA
Pf3D7_08_v3:1344737,8,1344737,NA
Pf3D7_08_v3:149943,8,149943,NA
Pf3D7_08_v3:157014,8,157014,NA
Pf3D7_08_v3:173187,8,173187,NA
Pf3D7_08_v3:225755,8,225755,NA
Pf3D7_08_v3:229424,8,229424,NA
Pf3D7_08_v3:262211,8,262211,NA
Pf3D7_08_v3:262214,8,262214,NA
Pf3D7_08_v3:305487,8,305487,NA
Pf3D7_08_v3:339637,8,339637,NA
Pf3D7_08_v3:379353,8,379353,NA
Pf3D7_08_v3:395711,8,395711,NA
Pf3D7_08_v3:396812,8,396812,NA
Pf3D7_08_v3:406969,8,406969,NA
Pf3D7_08_v3:406993,8,406993,NA
Pf3D7_08_v3:411216,8,411216,NA
Pf3D7_08_v3:413022,8,413022,NA
Pf3D7_08_v3:413067,8,413067,NA
Pf3D7_08_v3:416476,8,416476,NA
Pf3D7_08_v3:416482,8,416482,NA
Pf3D7_08_v3:416491,8,416491,NA
Pf3D7_08_v3:416821,8,416821,NA
Pf3D7_08_v3:422094,8,422094,NA
Pf3D7_08_v3:422166,8,422166,NA
Pf3D7_08_v3:422226,8,422226,NA
Pf3D7_08_v3:422505,8,422505,NA
Pf3D7_08_v3:424167,8,424167,NA
Pf3D7_08_v3:468669,8,468669,NA
Pf3D7_08_v3:475920,8,475920,NA
Pf3D7_08_v3:476310,8,476310,NA
Pf3D7_08_v3:477453,8,477453,NA
Pf3D7_08_v3:478683,8,478683,NA
Pf3D7_08_v3:478701,8,478701,NA
Pf3D7_08_v3:483714,8,483714,NA
Pf3D7_08_v3:484954,8,484954,NA
Pf3D7_08_v3:486805,8,486805,NA
Pf3D7_08_v3:486832,8,486832,NA
Pf3D7_08_v3:486841,8,486841,NA
Pf3D7_08_v3:492502,8,492502,NA
Pf3D7_08_v3:495550,8,495550,NA
Pf3D7_08_v3:499624,8,499624,NA
Pf3D7_08_v3:500772,8,500772,NA
Pf3D7_08_v3:501042,8,501042,NA
Pf3D7_08_v3:501054,8,501054,NA
Pf3D7_08_v3:505739,8,505739,NA
Pf3D7_08_v3:509321,8,509321,NA
Pf3D7_08_v3:526923,8,526923,NA
Pf3D7_08_v3:548801,8,548801,NA
Pf3D7_08_v3:572299,8,572299,NA
Pf3D7_08_v3:591335,8,591335,NA
Pf3D7_08_v3:591344,8,591344,NA
Pf3D7_08_v3:676681,8,676681,NA
Pf3D7_08_v3:691096,8,691096,NA
Pf3D7_08_v3:693543,8,693543,NA
Pf3D7_08_v3:701614,8,701614,NA
Pf3D7_08_v3:703997,8,703997,NA
Pf3D7_08_v3:704027,8,704027,NA
Pf3D7_08_v3:704408,8,704408,NA
Pf3D7_08_v3:706168,8,706168,NA
Pf3D7_08_v3:706777,8,706777,NA
Pf3D7_08_v3:711421,8,711421,NA
Pf3D7_08_v3:712741,8,712741,NA
Pf3D7_08_v3:724801,8,724801,NA
Pf3D7_08_v3:739292,8,739292,NA
Pf3D7_08_v3:895843,8,895843,NA
Pf3D7_08_v3:919126,8,919126,NA
Pf3D7_08_v3:925409,8,925409,NA
Pf3D7_08_v3:958663,8,958663,NA
Pf3D7_08_v3:968339,8,968339,NA
Pf3D7_08_v3:987074,8,987074,NA
Pf3D7_08_v3:1029921,8,1029921,NA
Pf3D7_08_v3:1058469,8,1058469,NA
Pf3D7_08_v3:1062754,8,1062754,NA
Pf3D7_08_v3:1099695,8,1099695,NA
Pf3D7_08_v3:1100055,8,1100055,NA
Pf3D7_08_v3:1100058,8,1100058,NA
Pf3D7_08_v3:1102025,8,1102025,NA
Pf3D7_08_v3:1103899,8,1103899,NA
Pf3D7_08_v3:1111913,8,1111913,NA
Pf3D7_08_v3:1111945,8,1111945,NA
Pf3D7_08_v3:1113495,8,1113495,NA
Pf3D7_08_v3:1114155,8,1114155,NA
Pf3D7_08_v3:1115375,8,1115375,NA
Pf3D7_08_v3:1116300,8,1116300,NA
Pf3D7_08_v3:1117245,8,1117245,NA
Pf3D7_08_v3:1144251,8,1144251,NA
Pf3D7_08_v3:1171170,8,1171170,NA
Pf3D7_08_v3:1174850,8,1174850,NA
Pf3D7_08_v3:1176413,8,1176413,NA
Pf3D7_08_v3:1178845,8,1178845,NA
Pf3D7_08_v3:1201455,8,1201455,NA
Pf3D7_08_v3:1215502,8,1215502,NA
Pf3D7_08_v3:1297594,8,1297594,NA
Pf3D7_08_v3:1313202,8,1313202,NA
Pf3D7_08_v3:1314033,8,1314033,NA
Pf3D7_08_v3:1315695,8,1315695,NA
Pf3D7_08_v3:1363213,8,1363213,NA
Pf3D7_08_v3:1363222,8,1363222,NA
Pf3D7_08_v3:1363303,8,1363303,NA
Pf3D7_08_v3:417760,8,417760,NA
Pf3D7_08_v3:490546,8,490546,NA
Pf3D7_08_v3:490636,8,490636,NA
Pf3D7_08_v3:490762,8,490762,NA
Pf3D7_08_v3:495850,8,495850,NA
Pf3D7_08_v3:500639,8,500639,NA
Pf3D7_08_v3:501390,8,501390,NA
Pf3D7_08_v3:502993,8,502993,NA
Pf3D7_09_v3:115178,9,115178,NA
Pf3D7_09_v3:289408,9,289408,NA
Pf3D7_09_v3:291211,9,291211,NA
Pf3D7_09_v3:292704,9,292704,NA
Pf3D7_09_v3:300174,9,300174,NA
Pf3D7_09_v3:453522,9,453522,NA
Pf3D7_09_v3:456109,9,456109,NA
Pf3D7_09_v3:479660,9,479660,NA
Pf3D7_09_v3:512326,9,512326,NA
Pf3D7_09_v3:512739,9,512739,NA
Pf3D7_09_v3:512763,9,512763,NA
Pf3D7_09_v3:515904,9,515904,NA
Pf3D7_09_v3:516978,9,516978,NA
Pf3D7_09_v3:517008,9,517008,NA
Pf3D7_09_v3:573256,9,573256,NA
Pf3D7_09_v3:596674,9,596674,NA
Pf3D7_09_v3:747558,9,747558,NA
Pf3D7_09_v3:747864,9,747864,NA
Pf3D7_09_v3:778075,9,778075,NA
Pf3D7_09_v3:951261,9,951261,NA
Pf3D7_09_v3:963651,9,963651,NA
Pf3D7_09_v3:966860,9,966860,NA
Pf3D7_09_v3:974114,9,974114,NA
Pf3D7_09_v3:976640,9,976640,NA
Pf3D7_09_v3:1076478,9,1076478,NA
Pf3D7_09_v3:1178903,9,1178903,NA
Pf3D7_09_v3:1178963,9,1178963,NA
Pf3D7_09_v3:1179069,9,1179069,NA
Pf3D7_09_v3:1179228,9,1179228,NA
Pf3D7_09_v3:1179855,9,1179855,NA
Pf3D7_09_v3:1206483,9,1206483,NA
Pf3D7_09_v3:1206484,9,1206484,NA
Pf3D7_09_v3:1374376,9,1374376,NA
Pf3D7_09_v3:1379201,9,1379201,NA
Pf3D7_09_v3:1418176,9,1418176,NA
Pf3D7_09_v3:1418612,9,1418612,NA
Pf3D7_09_v3:1419331,9,1419331,NA
Pf3D7_09_v3:1422363,9,1422363,NA
Pf3D7_09_v3:1433411,9,1433411,NA
Pf3D7_09_v3:1433474,9,1433474,NA
Pf3D7_09_v3:95530,9,95530,NA
Pf3D7_09_v3:123040,9,123040,NA
Pf3D7_09_v3:150411,9,150411,NA
Pf3D7_09_v3:156385,9,156385,NA
Pf3D7_09_v3:156401,9,156401,NA
Pf3D7_09_v3:157331,9,157331,NA
Pf3D7_09_v3:157982,9,157982,NA
Pf3D7_09_v3:159227,9,159227,NA
Pf3D7_09_v3:225542,9,225542,NA
Pf3D7_09_v3:225902,9,225902,NA
Pf3D7_09_v3:248414,9,248414,NA
Pf3D7_09_v3:283356,9,283356,NA
Pf3D7_09_v3:283868,9,283868,NA
Pf3D7_09_v3:302767,9,302767,NA
Pf3D7_09_v3:375323,9,375323,NA
Pf3D7_09_v3:464670,9,464670,NA
Pf3D7_09_v3:492627,9,492627,NA
Pf3D7_09_v3:494966,9,494966,NA
Pf3D7_09_v3:541423,9,541423,NA
Pf3D7_09_v3:586708,9,586708,NA
Pf3D7_09_v3:596041,9,596041,NA
Pf3D7_09_v3:596332,9,596332,NA
Pf3D7_09_v3:597897,9,597897,NA
Pf3D7_09_v3:597966,9,597966,NA
Pf3D7_09_v3:599322,9,599322,NA
Pf3D7_09_v3:602381,9,602381,NA
Pf3D7_09_v3:602885,9,602885,NA
Pf3D7_09_v3:631776,9,631776,NA
Pf3D7_09_v3:650981,9,650981,NA
Pf3D7_09_v3:653234,9,653234,NA
Pf3D7_09_v3:677379,9,677379,NA
Pf3D7_09_v3:678111,9,678111,NA
Pf3D7_09_v3:678471,9,678471,NA
Pf3D7_09_v3:681785,9,681785,NA
Pf3D7_09_v3:685667,9,685667,NA
Pf3D7_09_v3:706643,9,706643,NA
Pf3D7_09_v3:738710,9,738710,NA
Pf3D7_09_v3:739616,9,739616,NA
Pf3D7_09_v3:770345,9,770345,NA
Pf3D7_09_v3:817567,9,817567,NA
Pf3D7_09_v3:831911,9,831911,NA
Pf3D7_09_v3:850783,9,850783,NA
Pf3D7_09_v3:880928,9,880928,NA
Pf3D7_09_v3:909944,9,909944,NA
Pf3D7_09_v3:913616,9,913616,NA
Pf3D7_09_v3:917264,9,917264,NA
Pf3D7_09_v3:981718,9,981718,NA
Pf3D7_09_v3:1015339,9,1015339,NA
Pf3D7_09_v3:1076011,9,1076011,NA
Pf3D7_09_v3:1080391,9,1080391,NA
Pf3D7_09_v3:1080655,9,1080655,NA
Pf3D7_09_v3:1085080,9,1085080,NA
Pf3D7_09_v3:1111456,9,1111456,NA
Pf3D7_09_v3:1129679,9,1129679,NA
Pf3D7_09_v3:1202426,9,1202426,NA
Pf3D7_09_v3:1202447,9,1202447,NA
Pf3D7_09_v3:1208483,9,1208483,NA
Pf3D7_09_v3:1249583,9,1249583,NA
Pf3D7_09_v3:1282210,9,1282210,NA
Pf3D7_09_v3:1289585,9,1289585,NA
Pf3D7_09_v3:1314980,9,1314980,NA
Pf3D7_09_v3:1315442,9,1315442,NA
Pf3D7_09_v3:1316466,9,1316466,NA
Pf3D7_09_v3:1341618,9,1341618,NA
Pf3D7_09_v3:1347188,9,1347188,NA
Pf3D7_09_v3:1406587,9,1406587,NA
Pf3D7_09_v3:578985,9,578985,NA
Pf3D7_09_v3:1282630,9,1282630,NA
Pf3D7_09_v3:1379494,9,1379494,NA
Pf3D7_10_v3:92927,10,92927,NA
Pf3D7_10_v3:93086,10,93086,NA
Pf3D7_10_v3:112973,10,112973,NA
Pf3D7_10_v3:129644,10,129644,NA
Pf3D7_10_v3:146075,10,146075,NA
Pf3D7_10_v3:169428,10,169428,NA
Pf3D7_10_v3:189952,10,189952,NA
Pf3D7_10_v3:190030,10,190030,NA
Pf3D7_10_v3:222495,10,222495,NA
Pf3D7_10_v3:223211,10,223211,NA
Pf3D7_10_v3:225629,10,225629,NA
Pf3D7_10_v3:238016,10,238016,NA
Pf3D7_10_v3:240614,10,240614,NA
Pf3D7_10_v3:317581,10,317581,NA
Pf3D7_10_v3:334542,10,334542,NA
Pf3D7_10_v3:341106,10,341106,NA
Pf3D7_10_v3:361684,10,361684,NA
Pf3D7_10_v3:375664,10,375664,NA
Pf3D7_10_v3:377197,10,377197,NA
Pf3D7_10_v3:382041,10,382041,NA
Pf3D7_10_v3:424305,10,424305,NA
Pf3D7_10_v3:425295,10,425295,NA
Pf3D7_10_v3:456828,10,456828,NA
Pf3D7_10_v3:464500,10,464500,NA
Pf3D7_10_v3:558456,10,558456,NA
Pf3D7_10_v3:574773,10,574773,NA
Pf3D7_10_v3:595511,10,595511,NA
Pf3D7_10_v3:638138,10,638138,NA
Pf3D7_10_v3:638636,10,638636,NA
Pf3D7_10_v3:638837,10,638837,NA
Pf3D7_10_v3:699403,10,699403,NA
Pf3D7_10_v3:714026,10,714026,NA
Pf3D7_10_v3:716468,10,716468,NA
Pf3D7_10_v3:754119,10,754119,NA
Pf3D7_10_v3:759927,10,759927,NA
Pf3D7_10_v3:797802,10,797802,NA
Pf3D7_10_v3:821899,10,821899,NA
Pf3D7_10_v3:964859,10,964859,NA
Pf3D7_10_v3:992490,10,992490,NA
Pf3D7_10_v3:1035800,10,1035800,NA
Pf3D7_10_v3:1041222,10,1041222,NA
Pf3D7_10_v3:1063886,10,1063886,NA
Pf3D7_10_v3:1074462,10,1074462,NA
Pf3D7_10_v3:1083764,10,1083764,NA
Pf3D7_10_v3:1128179,10,1128179,NA
Pf3D7_10_v3:1172279,10,1172279,NA
Pf3D7_10_v3:1172282,10,1172282,NA
Pf3D7_10_v3:1235482,10,1235482,NA
Pf3D7_10_v3:1268080,10,1268080,NA
Pf3D7_10_v3:1320083,10,1320083,NA
Pf3D7_10_v3:1320086,10,1320086,NA
Pf3D7_10_v3:1341720,10,1341720,NA
Pf3D7_10_v3:1384706,10,1384706,NA
Pf3D7_10_v3:1385894,10,1385894,NA
Pf3D7_10_v3:1387021,10,1387021,NA
Pf3D7_10_v3:1391657,10,1391657,NA
Pf3D7_10_v3:1391660,10,1391660,NA
Pf3D7_10_v3:1392773,10,1392773,NA
Pf3D7_10_v3:1399269,10,1399269,NA
Pf3D7_10_v3:1414588,10,1414588,NA
Pf3D7_10_v3:1434066,10,1434066,NA
Pf3D7_10_v3:1434072,10,1434072,NA
Pf3D7_10_v3:1434084,10,1434084,NA
Pf3D7_10_v3:1434096,10,1434096,NA
Pf3D7_10_v3:1463519,10,1463519,NA
Pf3D7_10_v3:1498888,10,1498888,NA
Pf3D7_10_v3:1513542,10,1513542,NA
Pf3D7_10_v3:1519673,10,1519673,NA
Pf3D7_10_v3:1551542,10,1551542,NA
Pf3D7_10_v3:1554604,10,1554604,NA
Pf3D7_10_v3:113618,10,113618,NA
Pf3D7_10_v3:113768,10,113768,NA
Pf3D7_10_v3:115205,10,115205,NA
Pf3D7_10_v3:661961,10,661961,NA
Pf3D7_10_v3:808864,10,808864,NA
Pf3D7_10_v3:108733,10,108733,NA
Pf3D7_10_v3:113505,10,113505,NA
Pf3D7_10_v3:113582,10,113582,NA
Pf3D7_10_v3:115507,10,115507,NA
Pf3D7_10_v3:116392,10,116392,NA
Pf3D7_10_v3:122738,10,122738,NA
Pf3D7_10_v3:325616,10,325616,NA
Pf3D7_10_v3:377200,10,377200,NA
Pf3D7_10_v3:414789,10,414789,NA
Pf3D7_10_v3:454626,10,454626,NA
Pf3D7_10_v3:557657,10,557657,NA
Pf3D7_10_v3:561234,10,561234,NA
Pf3D7_10_v3:565140,10,565140,NA
Pf3D7_10_v3:565388,10,565388,NA
Pf3D7_10_v3:653138,10,653138,NA
Pf3D7_10_v3:658448,10,658448,NA
Pf3D7_10_v3:662320,10,662320,NA
Pf3D7_10_v3:663199,10,663199,NA
Pf3D7_10_v3:669306,10,669306,NA
Pf3D7_10_v3:669908,10,669908,NA
Pf3D7_10_v3:670187,10,670187,NA
Pf3D7_10_v3:735409,10,735409,NA
Pf3D7_10_v3:797801,10,797801,NA
Pf3D7_10_v3:883159,10,883159,NA
Pf3D7_10_v3:1065121,10,1065121,NA
Pf3D7_10_v3:1335457,10,1335457,NA
Pf3D7_10_v3:1339970,10,1339970,NA
Pf3D7_10_v3:1432884,10,1432884,NA
Pf3D7_11_v3:247498,11,247498,NA
Pf3D7_11_v3:256962,11,256962,NA
Pf3D7_11_v3:265114,11,265114,NA
Pf3D7_11_v3:306911,11,306911,NA
Pf3D7_11_v3:318674,11,318674,NA
Pf3D7_11_v3:324013,11,324013,NA
Pf3D7_11_v3:325228,11,325228,NA
Pf3D7_11_v3:391633,11,391633,NA
Pf3D7_11_v3:408413,11,408413,NA
Pf3D7_11_v3:408965,11,408965,NA
Pf3D7_11_v3:418011,11,418011,NA
Pf3D7_11_v3:433376,11,433376,NA
Pf3D7_11_v3:458037,11,458037,NA
Pf3D7_11_v3:494717,11,494717,NA
Pf3D7_11_v3:526330,11,526330,NA
Pf3D7_11_v3:529804,11,529804,NA
Pf3D7_11_v3:571361,11,571361,NA
Pf3D7_11_v3:592511,11,592511,NA
Pf3D7_11_v3:592535,11,592535,NA
Pf3D7_11_v3:592568,11,592568,NA
Pf3D7_11_v3:644562,11,644562,NA
Pf3D7_11_v3:659205,11,659205,NA
Pf3D7_11_v3:683965,11,683965,NA
Pf3D7_11_v3:690218,11,690218,NA
Pf3D7_11_v3:694933,11,694933,NA
Pf3D7_11_v3:703912,11,703912,NA
Pf3D7_11_v3:706213,11,706213,NA
Pf3D7_11_v3:719742,11,719742,NA
Pf3D7_11_v3:740730,11,740730,NA
Pf3D7_11_v3:767389,11,767389,NA
Pf3D7_11_v3:812065,11,812065,NA
Pf3D7_11_v3:865260,11,865260,NA
Pf3D7_11_v3:888290,11,888290,NA
Pf3D7_11_v3:897536,11,897536,NA
Pf3D7_11_v3:902534,11,902534,NA
Pf3D7_11_v3:987202,11,987202,NA
Pf3D7_11_v3:1018965,11,1018965,NA
Pf3D7_11_v3:1019739,11,1019739,NA
Pf3D7_11_v3:1020630,11,1020630,NA
Pf3D7_11_v3:1084422,11,1084422,NA
Pf3D7_11_v3:1100269,11,1100269,NA
Pf3D7_11_v3:1106452,11,1106452,NA
Pf3D7_11_v3:1108310,11,1108310,NA
Pf3D7_11_v3:1114208,11,1114208,NA
Pf3D7_11_v3:1141641,11,1141641,NA
Pf3D7_11_v3:1157111,11,1157111,NA
Pf3D7_11_v3:1181093,11,1181093,NA
Pf3D7_11_v3:1188635,11,1188635,NA
Pf3D7_11_v3:1263156,11,1263156,NA
Pf3D7_11_v3:1287484,11,1287484,NA
Pf3D7_11_v3:1360267,11,1360267,NA
Pf3D7_11_v3:1467529,11,1467529,NA
Pf3D7_11_v3:1508304,11,1508304,NA
Pf3D7_11_v3:1637389,11,1637389,NA
Pf3D7_11_v3:1640669,11,1640669,NA
Pf3D7_11_v3:1659750,11,1659750,NA
Pf3D7_11_v3:1679200,11,1679200,NA
Pf3D7_11_v3:1696137,11,1696137,NA
Pf3D7_11_v3:1752894,11,1752894,NA
Pf3D7_11_v3:1815131,11,1815131,NA
Pf3D7_11_v3:1831402,11,1831402,NA
Pf3D7_11_v3:1887740,11,1887740,NA
Pf3D7_11_v3:1900435,11,1900435,NA
Pf3D7_11_v3:1912576,11,1912576,NA
Pf3D7_11_v3:1942297,11,1942297,NA
Pf3D7_11_v3:1953768,11,1953768,NA
Pf3D7_11_v3:1953780,11,1953780,NA
Pf3D7_11_v3:1953789,11,1953789,NA
Pf3D7_11_v3:2001759,11,2001759,NA
Pf3D7_11_v3:241970,11,241970,NA
Pf3D7_11_v3:241962,11,241962,NA
Pf3D7_11_v3:324903,11,324903,NA
Pf3D7_11_v3:354078,11,354078,NA
Pf3D7_11_v3:552427,11,552427,NA
Pf3D7_11_v3:584694,11,584694,NA
Pf3D7_11_v3:604547,11,604547,NA
Pf3D7_11_v3:637436,11,637436,NA
Pf3D7_11_v3:659208,11,659208,NA
Pf3D7_11_v3:987161,11,987161,NA
Pf3D7_11_v3:987190,11,987190,NA
Pf3D7_11_v3:987253,11,987253,NA
Pf3D7_11_v3:1005477,11,1005477,NA
Pf3D7_11_v3:1006055,11,1006055,NA
Pf3D7_11_v3:1006753,11,1006753,NA
Pf3D7_11_v3:1006784,11,1006784,NA
Pf3D7_11_v3:1006911,11,1006911,NA
Pf3D7_11_v3:1009859,11,1009859,NA
Pf3D7_11_v3:1057437,11,1057437,NA
Pf3D7_11_v3:1058035,11,1058035,NA
Pf3D7_11_v3:1120257,11,1120257,NA
Pf3D7_11_v3:1196007,11,1196007,NA
Pf3D7_11_v3:1275605,11,1275605,NA
Pf3D7_11_v3:1275658,11,1275658,NA
Pf3D7_11_v3:1375053,11,1375053,NA
Pf3D7_11_v3:1375988,11,1375988,NA
Pf3D7_11_v3:1383842,11,1383842,NA
Pf3D7_11_v3:1563321,11,1563321,NA
Pf3D7_11_v3:1749819,11,1749819,NA
Pf3D7_11_v3:1945955,11,1945955,NA
Pf3D7_11_v3:1978660,11,1978660,NA
Pf3D7_12_v3:82667,12,82667,NA
Pf3D7_12_v3:83177,12,83177,NA
Pf3D7_12_v3:83558,12,83558,NA
Pf3D7_12_v3:96155,12,96155,NA
Pf3D7_12_v3:114173,12,114173,NA
Pf3D7_12_v3:123645,12,123645,NA
Pf3D7_12_v3:174880,12,174880,NA
Pf3D7_12_v3:316929,12,316929,NA
Pf3D7_12_v3:331294,12,331294,NA
Pf3D7_12_v3:350796,12,350796,NA
Pf3D7_12_v3:367530,12,367530,NA
Pf3D7_12_v3:394228,12,394228,NA
Pf3D7_12_v3:418961,12,418961,NA
Pf3D7_12_v3:532131,12,532131,NA
Pf3D7_12_v3:606896,12,606896,NA
Pf3D7_12_v3:640429,12,640429,NA
Pf3D7_12_v3:642250,12,642250,NA
Pf3D7_12_v3:657927,12,657927,NA
Pf3D7_12_v3:696302,12,696302,NA
Pf3D7_12_v3:698136,12,698136,NA
Pf3D7_12_v3:713905,12,713905,NA
Pf3D7_12_v3:726602,12,726602,NA
Pf3D7_12_v3:733153,12,733153,NA
Pf3D7_12_v3:751029,12,751029,NA
Pf3D7_12_v3:753957,12,753957,NA
Pf3D7_12_v3:760468,12,760468,NA
Pf3D7_12_v3:760531,12,760531,NA
Pf3D7_12_v3:762388,12,762388,NA
Pf3D7_12_v3:762514,12,762514,NA
Pf3D7_12_v3:762526,12,762526,NA
Pf3D7_12_v3:763141,12,763141,NA
Pf3D7_12_v3:786224,12,786224,NA
Pf3D7_12_v3:802744,12,802744,NA
Pf3D7_12_v3:807679,12,807679,NA
Pf3D7_12_v3:812812,12,812812,NA
Pf3D7_12_v3:813217,12,813217,NA
Pf3D7_12_v3:817280,12,817280,NA
Pf3D7_12_v3:817730,12,817730,NA
Pf3D7_12_v3:818766,12,818766,NA
Pf3D7_12_v3:839903,12,839903,NA
Pf3D7_12_v3:1068851,12,1068851,NA
Pf3D7_12_v3:1075986,12,1075986,NA
Pf3D7_12_v3:1078321,12,1078321,NA
Pf3D7_12_v3:1092523,12,1092523,NA
Pf3D7_12_v3:1116294,12,1116294,NA
Pf3D7_12_v3:1126440,12,1126440,NA
Pf3D7_12_v3:1148572,12,1148572,NA
Pf3D7_12_v3:1156135,12,1156135,NA
Pf3D7_12_v3:1173724,12,1173724,NA
Pf3D7_12_v3:1195282,12,1195282,NA
Pf3D7_12_v3:1212825,12,1212825,NA
Pf3D7_12_v3:1320059,12,1320059,NA
Pf3D7_12_v3:1322498,12,1322498,NA
Pf3D7_12_v3:1387200,12,1387200,NA
Pf3D7_12_v3:1435153,12,1435153,NA
Pf3D7_12_v3:1503030,12,1503030,NA
Pf3D7_12_v3:1515725,12,1515725,NA
Pf3D7_12_v3:1546481,12,1546481,NA
Pf3D7_12_v3:1548884,12,1548884,NA
Pf3D7_12_v3:1663324,12,1663324,NA
Pf3D7_12_v3:1663492,12,1663492,NA
Pf3D7_12_v3:1665622,12,1665622,NA
Pf3D7_12_v3:1673470,12,1673470,NA
Pf3D7_12_v3:1678939,12,1678939,NA
Pf3D7_12_v3:1681129,12,1681129,NA
Pf3D7_12_v3:1681360,12,1681360,NA
Pf3D7_12_v3:1802019,12,1802019,NA
Pf3D7_12_v3:1868677,12,1868677,NA
Pf3D7_12_v3:1887454,12,1887454,NA
Pf3D7_12_v3:1927229,12,1927229,NA
Pf3D7_12_v3:1963992,12,1963992,NA
Pf3D7_12_v3:1964949,12,1964949,NA
Pf3D7_12_v3:2006015,12,2006015,NA
Pf3D7_12_v3:2023575,12,2023575,NA
Pf3D7_12_v3:2046741,12,2046741,NA
Pf3D7_12_v3:2047161,12,2047161,NA
Pf3D7_12_v3:2050146,12,2050146,NA
Pf3D7_12_v3:2062740,12,2062740,NA
Pf3D7_12_v3:2079644,12,2079644,NA
Pf3D7_12_v3:2098567,12,2098567,NA
Pf3D7_12_v3:2116182,12,2116182,NA
Pf3D7_12_v3:532113,12,532113,NA
Pf3D7_12_v3:684111,12,684111,NA
Pf3D7_12_v3:841250,12,841250,NA
Pf3D7_12_v3:943339,12,943339,NA
Pf3D7_12_v3:944301,12,944301,NA
Pf3D7_12_v3:949384,12,949384,NA
Pf3D7_12_v3:953017,12,953017,NA
Pf3D7_12_v3:1020211,12,1020211,NA
Pf3D7_12_v3:2034711,12,2034711,NA
Pf3D7_12_v3:2051511,12,2051511,NA
Pf3D7_12_v3:63028,12,63028,NA
Pf3D7_12_v3:63177,12,63177,NA
Pf3D7_12_v3:63243,12,63243,NA
Pf3D7_12_v3:63268,12,63268,NA
Pf3D7_12_v3:63322,12,63322,NA
Pf3D7_12_v3:91711,12,91711,NA
Pf3D7_12_v3:379979,12,379979,NA
Pf3D7_12_v3:532133,12,532133,NA
Pf3D7_12_v3:670814,12,670814,NA
Pf3D7_12_v3:684117,12,684117,NA
Pf3D7_12_v3:718550,12,718550,NA
Pf3D7_12_v3:722167,12,722167,NA
Pf3D7_12_v3:727996,12,727996,NA
Pf3D7_12_v3:739074,12,739074,NA
Pf3D7_12_v3:740589,12,740589,NA
Pf3D7_12_v3:741158,12,741158,NA
Pf3D7_12_v3:836041,12,836041,NA
Pf3D7_12_v3:847568,12,847568,NA
Pf3D7_12_v3:852225,12,852225,NA
Pf3D7_12_v3:865159,12,865159,NA
Pf3D7_12_v3:866322,12,866322,NA
Pf3D7_12_v3:892211,12,892211,NA
Pf3D7_12_v3:892338,12,892338,NA
Pf3D7_12_v3:892798,12,892798,NA
Pf3D7_12_v3:907264,12,907264,NA
Pf3D7_12_v3:909160,12,909160,NA
Pf3D7_12_v3:913124,12,913124,NA
Pf3D7_12_v3:920666,12,920666,NA
Pf3D7_12_v3:928407,12,928407,NA
Pf3D7_12_v3:931372,12,931372,NA
Pf3D7_12_v3:935411,12,935411,NA
Pf3D7_12_v3:938341,12,938341,NA
Pf3D7_12_v3:941821,12,941821,NA
Pf3D7_12_v3:944249,12,944249,NA
Pf3D7_12_v3:946348,12,946348,NA
Pf3D7_12_v3:946416,12,946416,NA
Pf3D7_12_v3:953362,12,953362,NA
Pf3D7_12_v3:959248,12,959248,NA
Pf3D7_12_v3:960073,12,960073,NA
Pf3D7_12_v3:979388,12,979388,NA
Pf3D7_12_v3:980434,12,980434,NA
Pf3D7_12_v3:989679,12,989679,NA
Pf3D7_12_v3:1002681,12,1002681,NA
Pf3D7_12_v3:1005696,12,1005696,NA
Pf3D7_12_v3:1008584,12,1008584,NA
Pf3D7_12_v3:1014046,12,1014046,NA
Pf3D7_12_v3:1014802,12,1014802,NA
Pf3D7_12_v3:1015328,12,1015328,NA
Pf3D7_12_v3:1042965,12,1042965,NA
Pf3D7_12_v3:1043449,12,1043449,NA
Pf3D7_12_v3:1048769,12,1048769,NA
Pf3D7_12_v3:1051589,12,1051589,NA
Pf3D7_12_v3:1059078,12,1059078,NA
Pf3D7_12_v3:1087957,12,1087957,NA
Pf3D7_12_v3:1089105,12,1089105,NA
Pf3D7_12_v3:1089166,12,1089166,NA
Pf3D7_12_v3:1116285,12,1116285,NA
Pf3D7_12_v3:1116289,12,1116289,NA
Pf3D7_12_v3:1193349,12,1193349,NA
Pf3D7_12_v3:1197074,12,1197074,NA
Pf3D7_12_v3:1392124,12,1392124,NA
Pf3D7_12_v3:1449503,12,1449503,NA
Pf3D7_12_v3:1559859,12,1559859,NA
Pf3D7_12_v3:1615391,12,1615391,NA
Pf3D7_12_v3:1623758,12,1623758,NA
Pf3D7_12_v3:1792353,12,1792353,NA
Pf3D7_12_v3:1798551,12,1798551,NA
Pf3D7_12_v3:1811233,12,1811233,NA
Pf3D7_12_v3:1996827,12,1996827,NA
Pf3D7_12_v3:1997660,12,1997660,NA
Pf3D7_12_v3:2035576,12,2035576,NA
Pf3D7_12_v3:2151902,12,2151902,NA
Pf3D7_13_v3:155246,13,155246,NA
Pf3D7_13_v3:156689,13,156689,NA
Pf3D7_13_v3:194874,13,194874,NA
Pf3D7_13_v3:236385,13,236385,NA
Pf3D7_13_v3:256854,13,256854,NA
Pf3D7_13_v3:290146,13,290146,NA
Pf3D7_13_v3:301446,13,301446,NA
Pf3D7_13_v3:309120,13,309120,NA
Pf3D7_13_v3:341070,13,341070,NA
Pf3D7_13_v3:365240,13,365240,NA
Pf3D7_13_v3:398354,13,398354,NA
Pf3D7_13_v3:410962,13,410962,NA
Pf3D7_13_v3:483005,13,483005,NA
Pf3D7_13_v3:503298,13,503298,NA
Pf3D7_13_v3:530497,13,530497,NA
Pf3D7_13_v3:536714,13,536714,NA
Pf3D7_13_v3:595379,13,595379,NA
Pf3D7_13_v3:613236,13,613236,NA
Pf3D7_13_v3:640404,13,640404,NA
Pf3D7_13_v3:714722,13,714722,NA
Pf3D7_13_v3:722833,13,722833,NA
Pf3D7_13_v3:738765,13,738765,NA
Pf3D7_13_v3:756912,13,756912,NA
Pf3D7_13_v3:758787,13,758787,NA
Pf3D7_13_v3:769044,13,769044,NA
Pf3D7_13_v3:815912,13,815912,NA
Pf3D7_13_v3:815915,13,815915,NA
Pf3D7_13_v3:815954,13,815954,NA
Pf3D7_13_v3:817001,13,817001,NA
Pf3D7_13_v3:931547,13,931547,NA
Pf3D7_13_v3:934925,13,934925,NA
Pf3D7_13_v3:935882,13,935882,NA
Pf3D7_13_v3:1079779,13,1079779,NA
Pf3D7_13_v3:1225494,13,1225494,NA
Pf3D7_13_v3:1230403,13,1230403,NA
Pf3D7_13_v3:1244791,13,1244791,NA
Pf3D7_13_v3:1265571,13,1265571,NA
Pf3D7_13_v3:1350981,13,1350981,NA
Pf3D7_13_v3:1419503,13,1419503,NA
Pf3D7_13_v3:1478081,13,1478081,NA
Pf3D7_13_v3:1599633,13,1599633,NA
Pf3D7_13_v3:1628232,13,1628232,NA
Pf3D7_13_v3:1660920,13,1660920,NA
Pf3D7_13_v3:1682933,13,1682933,NA
Pf3D7_13_v3:1716321,13,1716321,NA
Pf3D7_13_v3:1774926,13,1774926,NA
Pf3D7_13_v3:1861105,13,1861105,NA
Pf3D7_13_v3:1970443,13,1970443,NA
Pf3D7_13_v3:1986165,13,1986165,NA
Pf3D7_13_v3:2044533,13,2044533,NA
Pf3D7_13_v3:2067739,13,2067739,NA
Pf3D7_13_v3:2078454,13,2078454,NA
Pf3D7_13_v3:2083881,13,2083881,NA
Pf3D7_13_v3:2103416,13,2103416,NA
Pf3D7_13_v3:2110966,13,2110966,NA
Pf3D7_13_v3:2266108,13,2266108,NA
Pf3D7_13_v3:2266147,13,2266147,NA
Pf3D7_13_v3:2266150,13,2266150,NA
Pf3D7_13_v3:2266153,13,2266153,NA
Pf3D7_13_v3:2270205,13,2270205,NA
Pf3D7_13_v3:2271599,13,2271599,NA
Pf3D7_13_v3:2302172,13,2302172,NA
Pf3D7_13_v3:2302511,13,2302511,NA
Pf3D7_13_v3:2309427,13,2309427,NA
Pf3D7_13_v3:2323925,13,2323925,NA
Pf3D7_13_v3:2400533,13,2400533,NA
Pf3D7_13_v3:2415839,13,2415839,NA
Pf3D7_13_v3:2475404,13,2475404,NA
Pf3D7_13_v3:2478581,13,2478581,NA
Pf3D7_13_v3:2506752,13,2506752,NA
Pf3D7_13_v3:2529293,13,2529293,NA
Pf3D7_13_v3:2545561,13,2545561,NA
Pf3D7_13_v3:2606427,13,2606427,NA
Pf3D7_13_v3:2640170,13,2640170,NA
Pf3D7_13_v3:2651476,13,2651476,NA
Pf3D7_13_v3:2651632,13,2651632,NA
Pf3D7_13_v3:2655493,13,2655493,NA
Pf3D7_13_v3:2698420,13,2698420,NA
Pf3D7_13_v3:2733606,13,2733606,NA
Pf3D7_13_v3:1595988,13,1595988,NA
Pf3D7_13_v3:169780,13,169780,NA
Pf3D7_13_v3:192183,13,192183,NA
Pf3D7_13_v3:480781,13,480781,NA
Pf3D7_13_v3:531261,13,531261,NA
Pf3D7_13_v3:852849,13,852849,NA
Pf3D7_13_v3:861503,13,861503,NA
Pf3D7_13_v3:944480,13,944480,NA
Pf3D7_13_v3:1004961,13,1004961,NA
Pf3D7_13_v3:1013674,13,1013674,NA
Pf3D7_13_v3:1150583,13,1150583,NA
Pf3D7_13_v3:1175513,13,1175513,NA
Pf3D7_13_v3:1257063,13,1257063,NA
Pf3D7_13_v3:1311128,13,1311128,NA
Pf3D7_13_v3:1362388,13,1362388,NA
Pf3D7_13_v3:1406752,13,1406752,NA
Pf3D7_13_v3:1429067,13,1429067,NA
Pf3D7_13_v3:1482708,13,1482708,NA
Pf3D7_13_v3:1659533,13,1659533,NA
Pf3D7_13_v3:1734408,13,1734408,NA
Pf3D7_13_v3:1745728,13,1745728,NA
Pf3D7_13_v3:1793653,13,1793653,NA
Pf3D7_13_v3:1866470,13,1866470,NA
Pf3D7_13_v3:1868682,13,1868682,NA
Pf3D7_13_v3:1876423,13,1876423,NA
Pf3D7_13_v3:1876601,13,1876601,NA
Pf3D7_13_v3:1876606,13,1876606,NA
Pf3D7_13_v3:1879380,13,1879380,NA
Pf3D7_13_v3:1879381,13,1879381,NA
Pf3D7_13_v3:1879631,13,1879631,NA
Pf3D7_13_v3:1880114,13,1880114,NA
Pf3D7_13_v3:1882346,13,1882346,NA
Pf3D7_13_v3:1910058,13,1910058,NA
Pf3D7_13_v3:2021487,13,2021487,NA
Pf3D7_13_v3:2022295,13,2022295,NA
Pf3D7_13_v3:2043114,13,2043114,NA
Pf3D7_13_v3:2124676,13,2124676,NA
Pf3D7_13_v3:2124825,13,2124825,NA
Pf3D7_13_v3:2341466,13,2341466,NA
Pf3D7_13_v3:2341610,13,2341610,NA
Pf3D7_13_v3:2352397,13,2352397,NA
Pf3D7_13_v3:2415386,13,2415386,NA
Pf3D7_13_v3:2417474,13,2417474,NA
Pf3D7_13_v3:2417849,13,2417849,NA
Pf3D7_13_v3:2479113,13,2479113,NA
Pf3D7_13_v3:2479509,13,2479509,NA
Pf3D7_13_v3:2481108,13,2481108,NA
Pf3D7_13_v3:2481275,13,2481275,NA
Pf3D7_13_v3:2512452,13,2512452,NA
Pf3D7_13_v3:2600907,13,2600907,NA
Pf3D7_13_v3:2669191,13,2669191,NA
Pf3D7_13_v3:2669640,13,2669640,NA
Pf3D7_13_v3:2675894,13,2675894,NA
Pf3D7_13_v3:2761811,13,2761811,NA
Pf3D7_14_v3:107014,14,107014,NA
Pf3D7_14_v3:112128,14,112128,NA
Pf3D7_14_v3:113975,14,113975,NA
Pf3D7_14_v3:113980,14,113980,NA
Pf3D7_14_v3:137622,14,137622,NA
Pf3D7_14_v3:137691,14,137691,NA
Pf3D7_14_v3:164833,14,164833,NA
Pf3D7_14_v3:165436,14,165436,NA
Pf3D7_14_v3:201791,14,201791,NA
Pf3D7_14_v3:202130,14,202130,NA
Pf3D7_14_v3:202238,14,202238,NA
Pf3D7_14_v3:259286,14,259286,NA
Pf3D7_14_v3:261295,14,261295,NA
Pf3D7_14_v3:324097,14,324097,NA
Pf3D7_14_v3:337415,14,337415,NA
Pf3D7_14_v3:384345,14,384345,NA
Pf3D7_14_v3:390353,14,390353,NA
Pf3D7_14_v3:393389,14,393389,NA
Pf3D7_14_v3:397871,14,397871,NA
Pf3D7_14_v3:406995,14,406995,NA
Pf3D7_14_v3:407424,14,407424,NA
Pf3D7_14_v3:422319,14,422319,NA
Pf3D7_14_v3:429723,14,429723,NA
Pf3D7_14_v3:465265,14,465265,NA
Pf3D7_14_v3:485973,14,485973,NA
Pf3D7_14_v3:489229,14,489229,NA
Pf3D7_14_v3:494376,14,494376,NA
Pf3D7_14_v3:500484,14,500484,NA
Pf3D7_14_v3:510022,14,510022,NA
Pf3D7_14_v3:564690,14,564690,NA
Pf3D7_14_v3:689116,14,689116,NA
Pf3D7_14_v3:809810,14,809810,NA
Pf3D7_14_v3:872802,14,872802,NA
Pf3D7_14_v3:901969,14,901969,NA
Pf3D7_14_v3:910628,14,910628,NA
Pf3D7_14_v3:914115,14,914115,NA
Pf3D7_14_v3:919511,14,919511,NA
Pf3D7_14_v3:923791,14,923791,NA
Pf3D7_14_v3:1034851,14,1034851,NA
Pf3D7_14_v3:1102380,14,1102380,NA
Pf3D7_14_v3:1102389,14,1102389,NA
Pf3D7_14_v3:1102755,14,1102755,NA
Pf3D7_14_v3:1105725,14,1105725,NA
Pf3D7_14_v3:1106139,14,1106139,NA
Pf3D7_14_v3:1111557,14,1111557,NA
Pf3D7_14_v3:1137767,14,1137767,NA
Pf3D7_14_v3:1166314,14,1166314,NA
Pf3D7_14_v3:1171335,14,1171335,NA
Pf3D7_14_v3:1171479,14,1171479,NA
Pf3D7_14_v3:1172694,14,1172694,NA
Pf3D7_14_v3:1179640,14,1179640,NA
Pf3D7_14_v3:1193881,14,1193881,NA
Pf3D7_14_v3:1199242,14,1199242,NA
Pf3D7_14_v3:1227031,14,1227031,NA
Pf3D7_14_v3:1236727,14,1236727,NA
Pf3D7_14_v3:1334365,14,1334365,NA
Pf3D7_14_v3:1336795,14,1336795,NA
Pf3D7_14_v3:1351948,14,1351948,NA
Pf3D7_14_v3:1397764,14,1397764,NA
Pf3D7_14_v3:1454960,14,1454960,NA
Pf3D7_14_v3:1467935,14,1467935,NA
Pf3D7_14_v3:1576037,14,1576037,NA
Pf3D7_14_v3:1656678,14,1656678,NA
Pf3D7_14_v3:1661154,14,1661154,NA
Pf3D7_14_v3:1671537,14,1671537,NA
Pf3D7_14_v3:1745284,14,1745284,NA
Pf3D7_14_v3:1745506,14,1745506,NA
Pf3D7_14_v3:1758840,14,1758840,NA
Pf3D7_14_v3:1775107,14,1775107,NA
Pf3D7_14_v3:1798787,14,1798787,NA
Pf3D7_14_v3:1817108,14,1817108,NA
Pf3D7_14_v3:1823182,14,1823182,NA
Pf3D7_14_v3:1853594,14,1853594,NA
Pf3D7_14_v3:2000031,14,2000031,NA
Pf3D7_14_v3:2000415,14,2000415,NA
Pf3D7_14_v3:2070946,14,2070946,NA
Pf3D7_14_v3:2098642,14,2098642,NA
Pf3D7_14_v3:2124198,14,2124198,NA
Pf3D7_14_v3:2128849,14,2128849,NA
Pf3D7_14_v3:2144375,14,2144375,NA
Pf3D7_14_v3:2160136,14,2160136,NA
Pf3D7_14_v3:2160961,14,2160961,NA
Pf3D7_14_v3:2169240,14,2169240,NA
Pf3D7_14_v3:2196699,14,2196699,NA
Pf3D7_14_v3:2267836,14,2267836,NA
Pf3D7_14_v3:2287572,14,2287572,NA
Pf3D7_14_v3:2331595,14,2331595,NA
Pf3D7_14_v3:2342241,14,2342241,NA
Pf3D7_14_v3:2351869,14,2351869,NA
Pf3D7_14_v3:2442547,14,2442547,NA
Pf3D7_14_v3:2534828,14,2534828,NA
Pf3D7_14_v3:2540639,14,2540639,NA
Pf3D7_14_v3:2619811,14,2619811,NA
Pf3D7_14_v3:2630597,14,2630597,NA
Pf3D7_14_v3:2639935,14,2639935,NA
Pf3D7_14_v3:2669794,14,2669794,NA
Pf3D7_14_v3:2674607,14,2674607,NA
Pf3D7_14_v3:2695875,14,2695875,NA
Pf3D7_14_v3:2695923,14,2695923,NA
Pf3D7_14_v3:2712258,14,2712258,NA
Pf3D7_14_v3:2732630,14,2732630,NA
Pf3D7_14_v3:2733656,14,2733656,NA
Pf3D7_14_v3:2752373,14,2752373,NA
Pf3D7_14_v3:2755887,14,2755887,NA
Pf3D7_14_v3:2856580,14,2856580,NA
Pf3D7_14_v3:2887523,14,2887523,NA
Pf3D7_14_v3:2913485,14,2913485,NA
Pf3D7_14_v3:3043530,14,3043530,NA
Pf3D7_14_v3:3045897,14,3045897,NA
Pf3D7_14_v3:3193605,14,3193605,NA
Pf3D7_14_v3:3194450,14,3194450,NA
Pf3D7_14_v3:3194480,14,3194480,NA
Pf3D7_14_v3:3194492,14,3194492,NA
Pf3D7_14_v3:3240001,14,3240001,NA
Pf3D7_14_v3:371725,14,371725,NA
Pf3D7_14_v3:564339,14,564339,NA
Pf3D7_14_v3:1362042,14,1362042,NA
Pf3D7_14_v3:1636229,14,1636229,NA
Pf3D7_14_v3:47596,14,47596,NA
Pf3D7_14_v3:120299,14,120299,NA
Pf3D7_14_v3:150273,14,150273,NA
Pf3D7_14_v3:150276,14,150276,NA
Pf3D7_14_v3:161286,14,161286,NA
Pf3D7_14_v3:203062,14,203062,NA
Pf3D7_14_v3:299794,14,299794,NA
Pf3D7_14_v3:421429,14,421429,NA
Pf3D7_14_v3:421549,14,421549,NA
Pf3D7_14_v3:421552,14,421552,NA
Pf3D7_14_v3:421848,14,421848,NA
Pf3D7_14_v3:422158,14,422158,NA
Pf3D7_14_v3:512987,14,512987,NA
Pf3D7_14_v3:513814,14,513814,NA
Pf3D7_14_v3:564266,14,564266,NA
Pf3D7_14_v3:832594,14,832594,NA
Pf3D7_14_v3:969251,14,969251,NA
Pf3D7_14_v3:1036865,14,1036865,NA
Pf3D7_14_v3:1269832,14,1269832,NA
Pf3D7_14_v3:1294114,14,1294114,NA
Pf3D7_14_v3:1300698,14,1300698,NA
Pf3D7_14_v3:1305484,14,1305484,NA
Pf3D7_14_v3:1323647,14,1323647,NA
Pf3D7_14_v3:1325549,14,1325549,NA
Pf3D7_14_v3:1326562,14,1326562,NA
Pf3D7_14_v3:1362090,14,1362090,NA
Pf3D7_14_v3:1398727,14,1398727,NA
Pf3D7_14_v3:1402049,14,1402049,NA
Pf3D7_14_v3:1473534,14,1473534,NA
Pf3D7_14_v3:1475248,14,1475248,NA
Pf3D7_14_v3:1481872,14,1481872,NA
Pf3D7_14_v3:1482057,14,1482057,NA
Pf3D7_14_v3:1582136,14,1582136,NA
Pf3D7_14_v3:1623775,14,1623775,NA
Pf3D7_14_v3:1629711,14,1629711,NA
Pf3D7_14_v3:1657395,14,1657395,NA
Pf3D7_14_v3:1660970,14,1660970,NA
Pf3D7_14_v3:1663902,14,1663902,NA
Pf3D7_14_v3:1665655,14,1665655,NA
Pf3D7_14_v3:1665794,14,1665794,NA
Pf3D7_14_v3:1671322,14,1671322,NA
Pf3D7_14_v3:1672361,14,1672361,NA
Pf3D7_14_v3:1672649,14,1672649,NA
Pf3D7_14_v3:1694073,14,1694073,NA
Pf3D7_14_v3:1728301,14,1728301,NA
Pf3D7_14_v3:1728847,14,1728847,NA
Pf3D7_14_v3:1744760,14,1744760,NA
Pf3D7_14_v3:1792962,14,1792962,NA
Pf3D7_14_v3:1816447,14,1816447,NA
Pf3D7_14_v3:1822892,14,1822892,NA
Pf3D7_14_v3:1872907,14,1872907,NA
Pf3D7_14_v3:1956202,14,1956202,NA
Pf3D7_14_v3:1956408,14,1956408,NA
Pf3D7_14_v3:1984194,14,1984194,NA
Pf3D7_14_v3:2035675,14,2035675,NA
Pf3D7_14_v3:2521956,14,2521956,NA
Pf3D7_14_v3:2602038,14,2602038,NA
Pf3D7_14_v3:2625887,14,2625887,NA
Pf3D7_14_v3:2658199,14,2658199,NA
Pf3D7_14_v3:2762933,14,2762933,NA
Pf3D7_14_v3:2846037,14,2846037,NA
Pf3D7_14_v3:2959716,14,2959716,NA
Pf3D7_14_v3:3088522,14,3088522,NA
Pf3D7_14_v3:3126005,14,3126005,NA
Pf3D7_14_v3:3140314,14,3140314,NA
